item_or_pattern_id,scope,exact_diagnostic,affected_identifiers,current_state,severity,evidence_source,retrieval_date,recommendation,dependency
CAVEAT-MC,account,"Merchant Center account 5717759749 was INACCESSIBLE this session (no authenticated channel) — every eligibility, disapproval, demotion, free-listing and Shopping-serving claim is NOT VERIFIED. Rows below are first-party Shopify catalog facts that FEED the Merchant surface, not MC diagnostics.",account 5717759749,evidence gap,blocking-unknown,source-probes.json merchant_center,2026-07-31,"Authenticated MC diagnostics readback is the single unblocking action for this file (D1)",D1
SHOP-GTIN-01,pattern,"First-variant barcode (GTIN proxy) present on only 27 of 1623 active products (1.66%); 1596 missing","catalog-wide; top-vendor concentration: COSRX (100 products), SKIN FUNCTIONAL (77), HERMOSA FLOR (64), STANDARD. (60), MEDICUBE (51), FUNDAMENTALS (49), ANUA (46)","verified first-party; how Simprosys transmits these (identifier_exists=false vs omission) NOT VERIFIED",high,shopify-products-quality.json aggregates + topVendorsByProductCount,2026-07-31,"After MC readback confirms real impact: source GTINs from suppliers starting with top vendors; branded manufacturers (COSRX, Medicube, ANUA, CeraVe, La Roche-Posay) all carry retail GTINs obtainable from invoices/packaging","D1 + supplier data (D6); no fabricated identifiers"
SHOP-TYPE-01,pattern,"productType empty on 546 of 1623 active products (33.6%)",catalog-wide,verified first-party; Google product category mapping inside Simprosys NOT VERIFIED,medium,shopify-products-quality.json supplementary,2026-07-31,"Fill productType per product line; verify Simprosys category mapping before assuming feed impact",feed-app readback
SHOP-PUB-01,pattern,"18 active products have no onlineStoreUrl (not published to Online Store sales channel)",18 products (handles in evidence file products array where onlineStoreUrl null),verified first-party; feed inclusion of these 18 NOT VERIFIED,medium,shopify-products-quality.json supplementary.noOnlineStoreUrl,2026-07-31,"Publish or exclude from feed; cross-check in MC for landing-page errors",D1
SHOP-SKU-01,pattern,"First-variant SKU empty on 24 active products (1.48%)",24 products,verified first-party,low,shopify-products-quality.json supplementary.emptyFirstVariantSku,2026-07-31,"Assign SKUs (feed id stability + MPN fallback candidate)",none
SHOP-FEED-01,plumbing,"Simprosys metafield namespace 'mm-google-shopping' (key custom_product, name 'Google: Custom Product') defined on products — feed app wiring present; direct install verification blocked (token lacks read_apps scope)",1 metafield definition,indirect first-party evidence,informational,shopify-content-architecture.json metafield_definitions.product_owner_type,2026-07-31,"None — Simprosys remains feed owner per dispatch P7; do not touch",none
SHOP-CHAN-01,plumbing,"'Google & YouTube' channel present as a publication (app handle 'google'); dispatch P16 forbids enabling its product sync — no sync-state change made or recommended",1 publication,verified present; sync state NOT VERIFIED,informational,shopify-theme-config.json sales_channels_and_apps.publications,2026-07-31,"Observe only; feed ownership stays with Simprosys",none
SHOP-PRICE-01,parity,"Product-page price parity with feed prices NOT VERIFIED (public pages unfetchable; MC inaccessible); store currency ZAR native (shop record)",catalog-wide,evidence gap,unknown,mcp get-shop-info this session + source-probes.json,2026-07-31,"Parity check during MC readback",D1
SHOP-LIA-01,local inventory,"Local-inventory readiness NOT declared and NOT ready to assess: see 06-local-google-gap.csv final row (P14 prerequisites unreconciled)",7 locations,held,n/a,06-local-google-gap.csv,2026-07-31,"Sequence strictly after F-LOCAL-01/-02/-03 resolve",F-LOCAL-*
