campaign_id,category_label,impressions,clicks,conversions_primary_mixed,conversions_value_primary_mixed,source
23659113115,(withheld/blank),302694,2952,884.628,22965.34,raw/33_csti_pastry_pmax_90d.json (508 rows)
23659113115,pastry skincare,66521,1531,689.572,17463.53,raw/33_csti_pastry_pmax_90d.json (508 rows)
23659113115,pastry,19396,777,306.156,7698.37,raw/33_csti_pastry_pmax_90d.json (508 rows)
23659113115,glycolic acid body wash,11331,417,224.507,4709.81,raw/33_csti_pastry_pmax_90d.json (508 rows)
23659113115,pastry body wash,8848,241,84.481,2906.93,raw/33_csti_pastry_pmax_90d.json (508 rows)
23659113115,salicylic acid body wash,6854,230,216.061,4138.7,raw/33_csti_pastry_pmax_90d.json (508 rows)
23659113115,pastry hand cream,3798,175,21.202,348.21,raw/33_csti_pastry_pmax_90d.json (508 rows)
23659113115,pastry lotion,2246,76,10,164.0,raw/33_csti_pastry_pmax_90d.json (508 rows)
23659113115,pastry niacinamide body lotion,1606,69,9.391,155.94,raw/33_csti_pastry_pmax_90d.json (508 rows)
23659113115,the ordinary glycolic acid,6821,60,17.5,288.26,raw/33_csti_pastry_pmax_90d.json (508 rows)
23659113115,la roche posay,6635,49,12,196.62,raw/33_csti_pastry_pmax_90d.json (508 rows)
23659113115,pastry skincare clicks,4242,46,8.75,144.9,raw/33_csti_pastry_pmax_90d.json (508 rows)
23659113115,the ordinary,5638,36,21.059,345.95,raw/33_csti_pastry_pmax_90d.json (508 rows)
23659113115,niacinamide body lotion,1085,35,4.295,70.43,raw/33_csti_pastry_pmax_90d.json (508 rows)
23659113115,pastry products,1909,34,11.116,183.85,raw/33_csti_pastry_pmax_90d.json (508 rows)
23659113115,pantry lotion,792,34,23.918,712.47,raw/33_csti_pastry_pmax_90d.json (508 rows)
23659113115,pastry skincare shop,1267,32,19.003,309.75,raw/33_csti_pastry_pmax_90d.json (508 rows)
23659113115,retinol body lotion,1953,32,16,266.74,raw/33_csti_pastry_pmax_90d.json (508 rows)
23659113115,pastry skincare shop near me,2390,32,2.67,43.43,raw/33_csti_pastry_pmax_90d.json (508 rows)
23659113115,mandelic acid body wash,596,30,10.957,180.08,raw/33_csti_pastry_pmax_90d.json (508 rows)
23659113115,the body shop,2662,26,14.013,229.57,raw/33_csti_pastry_pmax_90d.json (508 rows)
23659113115,body scrub,1680,26,10.958,708.42,raw/33_csti_pastry_pmax_90d.json (508 rows)
23659113115,clicks turmeric body wash,2883,25,3.5,386.91,raw/33_csti_pastry_pmax_90d.json (508 rows)
23659113115,dove body scrub,2446,25,1,16.47,raw/33_csti_pastry_pmax_90d.json (508 rows)
23659113115,body acne wash,1046,24,13.866,226.65,raw/33_csti_pastry_pmax_90d.json (508 rows)
23659113115,lactic acid lotion,787,23,3.486,57.39,raw/33_csti_pastry_pmax_90d.json (508 rows)
23659113115,vaseline cera glow,3123,22,2.984,48.58,raw/33_csti_pastry_pmax_90d.json (508 rows)
23659113115,pastry skincare woolworths,1558,21,5,81.46,raw/33_csti_pastry_pmax_90d.json (508 rows)
23659113115,hyaluronic acid body lotion,429,21,14.986,247.23,raw/33_csti_pastry_pmax_90d.json (508 rows)
23659113115,pastry body oil,761,21,7.523,124.53,raw/33_csti_pastry_pmax_90d.json (508 rows)
23659113115,medicube deodorant,1463,20,3.5,57.59,raw/33_csti_pastry_pmax_90d.json (508 rows)
23659113115,body wash for hyperpigmentation,656,19,5,81.93,raw/33_csti_pastry_pmax_90d.json (508 rows)
23659113115,pastry skincare dischem,1325,19,2,33.07,raw/33_csti_pastry_pmax_90d.json (508 rows)
23659113115,glycolic acid body lotion,691,19,7,114.87,raw/33_csti_pastry_pmax_90d.json (508 rows)
23659113115,anti aging hand cream,588,19,1,16.34,raw/33_csti_pastry_pmax_90d.json (508 rows)
23659113115,arc store,1468,18,0,0,raw/33_csti_pastry_pmax_90d.json (508 rows)
23659113115,www pastryskincare co za,380,18,6,98.21,raw/33_csti_pastry_pmax_90d.json (508 rows)
23659113115,pastry roll on,416,17,1,16.4,raw/33_csti_pastry_pmax_90d.json (508 rows)
23659113115,back acne treatment,485,16,0,0,raw/33_csti_pastry_pmax_90d.json (508 rows)
23659113115,pastry pigmentation serum,406,16,1,16.33,raw/33_csti_pastry_pmax_90d.json (508 rows)
23659113115,pastry body products,673,15,0,0,raw/33_csti_pastry_pmax_90d.json (508 rows)
23659113115,glycolic acid body wash dischem,929,15,10.493,172.92,raw/33_csti_pastry_pmax_90d.json (508 rows)
23659113115,pasty skincare,630,15,22.138,362.97,raw/33_csti_pastry_pmax_90d.json (508 rows)
23659113115,glutathione niacinamide body lotion,614,15,0,0,raw/33_csti_pastry_pmax_90d.json (508 rows)
23659113115,pastry products at clicks,711,15,0,0,raw/33_csti_pastry_pmax_90d.json (508 rows)
23659113115,medicube body wash,1193,14,2,32.68,raw/33_csti_pastry_pmax_90d.json (508 rows)
23659113115,skin pantry,409,14,3,49.72,raw/33_csti_pastry_pmax_90d.json (508 rows)
23659113115,glycolic acid clicks,1192,14,0.015,0.24,raw/33_csti_pastry_pmax_90d.json (508 rows)
23659113115,body pigmentation treatment,371,14,15,246.5,raw/33_csti_pastry_pmax_90d.json (508 rows)
23659113115,salicylic acid face wash,570,13,0,0,raw/33_csti_pastry_pmax_90d.json (508 rows)
23659113115,pastry online shop,457,13,1,16.59,raw/33_csti_pastry_pmax_90d.json (508 rows)
23659113115,niacinamide body wash,430,13,16.347,469.58,raw/33_csti_pastry_pmax_90d.json (508 rows)
23659113115,amlactin lotion,1891,13,1,16.4,raw/33_csti_pastry_pmax_90d.json (508 rows)
23659113115,hand cream with spf,336,13,2,33.04,raw/33_csti_pastry_pmax_90d.json (508 rows)
23659113115,skin barrier repair products,166,12,0,0,raw/33_csti_pastry_pmax_90d.json (508 rows)
23659113115,naturium mandelic acid body wash,186,12,6,99.08,raw/33_csti_pastry_pmax_90d.json (508 rows)
23659113115,zaron vitamin c body lotion,470,12,9,148.37,raw/33_csti_pastry_pmax_90d.json (508 rows)
23659113115,glycolic acid wash,360,11,3,49.65,raw/33_csti_pastry_pmax_90d.json (508 rows)
23659113115,pastry hand cream price,324,11,1,1080,raw/33_csti_pastry_pmax_90d.json (508 rows)
23659113115,edgars glycolic acid,427,11,1,16.51,raw/33_csti_pastry_pmax_90d.json (508 rows)
23659113115,switch beauty,1560,10,0.5,8.35,raw/33_csti_pastry_pmax_90d.json (508 rows)
23659113115,great body wash,552,10,3.325,54.89,raw/33_csti_pastry_pmax_90d.json (508 rows)
23659113115,lush south africa,994,10,10,163.39,raw/33_csti_pastry_pmax_90d.json (508 rows)
23659113115,what is glycolic acid good for,529,10,3,49.53,raw/33_csti_pastry_pmax_90d.json (508 rows)
23659113115,pantry products,295,10,1,16.52,raw/33_csti_pastry_pmax_90d.json (508 rows)
23659113115,sundae skin co,1552,10,1,16.33,raw/33_csti_pastry_pmax_90d.json (508 rows)
23659113115,skincare,998,10,0,0,raw/33_csti_pastry_pmax_90d.json (508 rows)
23659113115,brightening products at clicks,658,10,2,33.06,raw/33_csti_pastry_pmax_90d.json (508 rows)
23659113115,niacinamide body lotion clicks,780,10,1,16.51,raw/33_csti_pastry_pmax_90d.json (508 rows)
23659113115,pastry skincare near me,313,9,2,32.53,raw/33_csti_pastry_pmax_90d.json (508 rows)
23659113115,salicylic acid body lotion,347,9,0,0,raw/33_csti_pastry_pmax_90d.json (508 rows)
23659113115,body acne products,623,9,5,82.48,raw/33_csti_pastry_pmax_90d.json (508 rows)
23659113115,exfoliating body wash,487,9,2,33.6,raw/33_csti_pastry_pmax_90d.json (508 rows)
23659113115,pastry skincare reviews,600,9,5.653,92.23,raw/33_csti_pastry_pmax_90d.json (508 rows)
23659113115,pastry lotion price,352,9,10,165.25,raw/33_csti_pastry_pmax_90d.json (508 rows)
23659113115,vaseline body oil,1065,9,5.973,97.55,raw/33_csti_pastry_pmax_90d.json (508 rows)
23659113115,brightening body lotion,457,8,3,49.5,raw/33_csti_pastry_pmax_90d.json (508 rows)
23659113115,cerave moisturizing cream,986,8,4,65.16,raw/33_csti_pastry_pmax_90d.json (508 rows)
23659113115,brightening body wash,541,8,1,16.8,raw/33_csti_pastry_pmax_90d.json (508 rows)
23659113115,lactic acid body wash,219,8,2.667,43.53,raw/33_csti_pastry_pmax_90d.json (508 rows)
23659113115,back acne body wash,227,8,5.163,85.4,raw/33_csti_pastry_pmax_90d.json (508 rows)
23659113115,ordinary skin products,743,7,0,0,raw/33_csti_pastry_pmax_90d.json (508 rows)
23659113115,clicks turmeric body lotion,802,7,0,0,raw/33_csti_pastry_pmax_90d.json (508 rows)
23659113115,cerave cleanser,994,7,2,32.93,raw/33_csti_pastry_pmax_90d.json (508 rows)
23659113115,eucerin urea repair,380,7,5,82.09,raw/33_csti_pastry_pmax_90d.json (508 rows)
23659113115,the ordinary body care,282,7,2,33.67,raw/33_csti_pastry_pmax_90d.json (508 rows)
23659113115,urea lotion,451,7,1,16.51,raw/33_csti_pastry_pmax_90d.json (508 rows)
23659113115,l occitane hand cream,728,7,4,64.78,raw/33_csti_pastry_pmax_90d.json (508 rows)
23659113115,anti strawberry legs,465,7,0,0,raw/33_csti_pastry_pmax_90d.json (508 rows)
23659113115,l occitane,1071,7,2,32.53,raw/33_csti_pastry_pmax_90d.json (508 rows)
23659113115,facial cleanser with salicylic acid and niacinamide,72,7,2.5,41.27,raw/33_csti_pastry_pmax_90d.json (508 rows)
23659113115,clicks,1512,7,11.024,180.0,raw/33_csti_pastry_pmax_90d.json (508 rows)
23659113115,pastry products near me,358,7,5.004,82.2,raw/33_csti_pastry_pmax_90d.json (508 rows)
23659113115,pastry skincare stores,403,7,0,0,raw/33_csti_pastry_pmax_90d.json (508 rows)
23659113115,anti aging hand cream clicks,235,7,0,0,raw/33_csti_pastry_pmax_90d.json (508 rows)
23659113115,woolworths,546,7,5,83.57,raw/33_csti_pastry_pmax_90d.json (508 rows)
23659113115,what to use to get rid of black inner thighs,476,7,5,81.45,raw/33_csti_pastry_pmax_90d.json (508 rows)
23659113115,kojic acid body wash,190,6,6,97.64,raw/33_csti_pastry_pmax_90d.json (508 rows)
23659113115,dischem online,591,6,3,50.0,raw/33_csti_pastry_pmax_90d.json (508 rows)
23659113115,body hyperpigmentation products,434,6,19.981,326.04,raw/33_csti_pastry_pmax_90d.json (508 rows)
23659113115,exfoliating gloves,118,6,0,0,raw/33_csti_pastry_pmax_90d.json (508 rows)
23659113115,hyaluronic acid body wash,180,6,0,0,raw/33_csti_pastry_pmax_90d.json (508 rows)
23659113115,where to buy pastry skincare,497,6,1.093,17.97,raw/33_csti_pastry_pmax_90d.json (508 rows)
23659113115,strawberry skin,217,6,2,32.8,raw/33_csti_pastry_pmax_90d.json (508 rows)
23659113115,bio oil,731,6,4,66.12,raw/33_csti_pastry_pmax_90d.json (508 rows)
23659113115,mandelic acid,387,6,5.5,89.32,raw/33_csti_pastry_pmax_90d.json (508 rows)
23659113115,glycolic acid toner,667,6,2,32.37,raw/33_csti_pastry_pmax_90d.json (508 rows)
23659113115,lelive products,961,6,2,33.02,raw/33_csti_pastry_pmax_90d.json (508 rows)
23659113115,pastry body mist,78,6,0,0,raw/33_csti_pastry_pmax_90d.json (508 rows)
23659113115,barrier repair serum,150,6,0,0,raw/33_csti_pastry_pmax_90d.json (508 rows)
23659113115,eucerin hand cream,253,6,1.989,32.49,raw/33_csti_pastry_pmax_90d.json (508 rows)
23659113115,kojic acid lotion,198,6,5,82.65,raw/33_csti_pastry_pmax_90d.json (508 rows)
23659113115,turmeric body lotion,334,6,6,98.57,raw/33_csti_pastry_pmax_90d.json (508 rows)
23659113115,strawberry skin legs,141,6,1.963,32.19,raw/33_csti_pastry_pmax_90d.json (508 rows)
23659113115,exfoliating scrub,193,5,1,16.31,raw/33_csti_pastry_pmax_90d.json (508 rows)
23659113115,body scrub clicks,386,5,0,0,raw/33_csti_pastry_pmax_90d.json (508 rows)
23659113115,pastry body scrub,83,5,0,0,raw/33_csti_pastry_pmax_90d.json (508 rows)
23659113115,amlactin south africa,745,5,0,0,raw/33_csti_pastry_pmax_90d.json (508 rows)
23659113115,fenty body butter,447,5,5,81.64,raw/33_csti_pastry_pmax_90d.json (508 rows)
23659113115,salicylic acid body wash cerave,332,5,2,32.8,raw/33_csti_pastry_pmax_90d.json (508 rows)
23659113115,best hand creams,193,5,0,0,raw/33_csti_pastry_pmax_90d.json (508 rows)
23659113115,hyaluronic acid hand cream,116,5,0,0,raw/33_csti_pastry_pmax_90d.json (508 rows)
23659113115,medicube body wash kojic acid,273,5,0,0,raw/33_csti_pastry_pmax_90d.json (508 rows)
23659113115,dark inner thighs,169,5,4.024,66.51,raw/33_csti_pastry_pmax_90d.json (508 rows)
23659113115,body serum for dry skin,116,5,0,0,raw/33_csti_pastry_pmax_90d.json (508 rows)
23659113115,pastry body,235,5,3,49.08,raw/33_csti_pastry_pmax_90d.json (508 rows)
23659113115,clicks skincare collection vitamin c,621,5,0,0,raw/33_csti_pastry_pmax_90d.json (508 rows)
23659113115,chemical body exfoliator,219,5,24.855,410.29,raw/33_csti_pastry_pmax_90d.json (508 rows)
23659113115,the ordinary south africa,426,5,1.997,32.74,raw/33_csti_pastry_pmax_90d.json (508 rows)
23659113115,la roche posay cleanser,485,5,4,65.24,raw/33_csti_pastry_pmax_90d.json (508 rows)
23659113115,aveade,807,5,1,16.4,raw/33_csti_pastry_pmax_90d.json (508 rows)
23659113115,eucerin products,380,5,1.023,16.57,raw/33_csti_pastry_pmax_90d.json (508 rows)
23659113115,olay retinol body lotion,174,4,0,0,raw/33_csti_pastry_pmax_90d.json (508 rows)
23659113115,woolworths hand cream,503,4,3,48.8,raw/33_csti_pastry_pmax_90d.json (508 rows)
23659113115,clicks cerave,241,4,1,16.73,raw/33_csti_pastry_pmax_90d.json (508 rows)
23659113115,tahitian vanilla palmers,740,4,0,0,raw/33_csti_pastry_pmax_90d.json (508 rows)
23659113115,kojic acid,419,4,0,0,raw/33_csti_pastry_pmax_90d.json (508 rows)
23659113115,eucerin urearepair plus 10,175,4,0,0,raw/33_csti_pastry_pmax_90d.json (508 rows)
23659113115,south african skincare brands,412,4,3,49.4,raw/33_csti_pastry_pmax_90d.json (508 rows)
23659113115,products for back acne,64,4,0,0,raw/33_csti_pastry_pmax_90d.json (508 rows)
23659113115,the ordinary niacinamide,441,4,1,16.4,raw/33_csti_pastry_pmax_90d.json (508 rows)
23659113115,body lotion for glowing skin,215,4,2,33.05,raw/33_csti_pastry_pmax_90d.json (508 rows)
23659113115,treat,165,4,3,48.66,raw/33_csti_pastry_pmax_90d.json (508 rows)
23659113115,retinol hand cream,249,4,0,0,raw/33_csti_pastry_pmax_90d.json (508 rows)
23659113115,anti pigment cleanser,162,4,0,0,raw/33_csti_pastry_pmax_90d.json (508 rows)
23659113115,skin brightening products,339,4,0,0,raw/33_csti_pastry_pmax_90d.json (508 rows)
23659113115,hyaluronic acid the ordinary,181,4,2.941,48.04,raw/33_csti_pastry_pmax_90d.json (508 rows)
23659113115,strawberry skin lotion,226,4,2,32.82,raw/33_csti_pastry_pmax_90d.json (508 rows)
23659113115,the ordinary products,892,4,0,0,raw/33_csti_pastry_pmax_90d.json (508 rows)
23659113115,cerave body lotion,294,4,2,33.41,raw/33_csti_pastry_pmax_90d.json (508 rows)
23659113115,cetaphil cleanser,262,4,2,33.0,raw/33_csti_pastry_pmax_90d.json (508 rows)
23659113115,woolies skincare,860,4,0,0,raw/33_csti_pastry_pmax_90d.json (508 rows)
23659113115,skin,332,4,3,49.04,raw/33_csti_pastry_pmax_90d.json (508 rows)
23659113115,chanel hand cream,239,4,0.985,16.09,raw/33_csti_pastry_pmax_90d.json (508 rows)
23659113115,the pastry,303,4,0,0,raw/33_csti_pastry_pmax_90d.json (508 rows)
23659113115,brightening body scrub,152,4,0,0,raw/33_csti_pastry_pmax_90d.json (508 rows)
23659113115,best pregnancy stretch mark cream,76,4,0,0,raw/33_csti_pastry_pmax_90d.json (508 rows)
23659113115,nivea body lotion,770,4,1,16.34,raw/33_csti_pastry_pmax_90d.json (508 rows)
23659113115,bha body wash,235,4,0,0,raw/33_csti_pastry_pmax_90d.json (508 rows)
23659113115,kojic acid soap,823,4,0,0,raw/33_csti_pastry_pmax_90d.json (508 rows)
23659113115,bom dia body wash,57,4,8,131.6,raw/33_csti_pastry_pmax_90d.json (508 rows)
23659113115,pastry anti pigmentation roll on,173,4,0,0,raw/33_csti_pastry_pmax_90d.json (508 rows)
23659113115,dermastore,137,4,2,33.07,raw/33_csti_pastry_pmax_90d.json (508 rows)
23659113115,dischem cerave,103,4,1,16.59,raw/33_csti_pastry_pmax_90d.json (508 rows)
23659113115,eucerin body cream,300,4,0.5,8.21,raw/33_csti_pastry_pmax_90d.json (508 rows)
23659113115,salicylic acid products,75,3,0,0,raw/33_csti_pastry_pmax_90d.json (508 rows)
23659113115,cure for bacne,173,3,14,226.75,raw/33_csti_pastry_pmax_90d.json (508 rows)
23659113115,salicylic acid for the body,133,3,0,0,raw/33_csti_pastry_pmax_90d.json (508 rows)
23659113115,medicube kojic acid turmeric deodorant,85,3,0,0,raw/33_csti_pastry_pmax_90d.json (508 rows)
23659113115,body washes for keratosis pilaris,242,3,13,214.17,raw/33_csti_pastry_pmax_90d.json (508 rows)
23659113115,vitamin c tissue oil,55,3,0,0,raw/33_csti_pastry_pmax_90d.json (508 rows)
23659113115,oily skin products,70,3,0,0,raw/33_csti_pastry_pmax_90d.json (508 rows)
23659113115,body and mist,207,3,0,0,raw/33_csti_pastry_pmax_90d.json (508 rows)
23659113115,dr althea 345 cream,334,3,4,65.81,raw/33_csti_pastry_pmax_90d.json (508 rows)
23659113115,skin barrier repair,92,3,0,0,raw/33_csti_pastry_pmax_90d.json (508 rows)
23659113115,la roche posay mela b3 body,438,3,0,0,raw/33_csti_pastry_pmax_90d.json (508 rows)
23659113115,dermalogica pavilion,763,3,0,0,raw/33_csti_pastry_pmax_90d.json (508 rows)
23659113115,standard beauty body scrub,129,3,3.962,64.15,raw/33_csti_pastry_pmax_90d.json (508 rows)
23659113115,glycolic acid body spray,128,3,0,0,raw/33_csti_pastry_pmax_90d.json (508 rows)
23659113115,pigmentation treatments,72,3,0,0,raw/33_csti_pastry_pmax_90d.json (508 rows)
23659113115,medicube mask,93,3,0,0,raw/33_csti_pastry_pmax_90d.json (508 rows)
23659113115,palmer's cocoa butter,434,3,0,0,raw/33_csti_pastry_pmax_90d.json (508 rows)
23659113115,niacinamide benefits,155,3,0,0,raw/33_csti_pastry_pmax_90d.json (508 rows)
23659113115,nivea body serum,162,3,4.5,74.38,raw/33_csti_pastry_pmax_90d.json (508 rows)
23659113115,body firming cream,101,3,0,0,raw/33_csti_pastry_pmax_90d.json (508 rows)
23659113115,la roche posay dark spots serum,176,3,2,32.79,raw/33_csti_pastry_pmax_90d.json (508 rows)
23659113115,mud stick salicylic acid,108,3,0,0,raw/33_csti_pastry_pmax_90d.json (508 rows)
23659113115,hydraulic acid clicks,67,3,4,65.37,raw/33_csti_pastry_pmax_90d.json (508 rows)
23659113115,eucerin even pigment perfector,650,3,0,0,raw/33_csti_pastry_pmax_90d.json (508 rows)
23659113115,dove lotion,469,3,4.046,66.33,raw/33_csti_pastry_pmax_90d.json (508 rows)
23659113115,niacinamide serum clicks,52,3,0,0,raw/33_csti_pastry_pmax_90d.json (508 rows)
23659113115,the pastry skincare,161,3,4,66.01,raw/33_csti_pastry_pmax_90d.json (508 rows)
23659113115,vitamin c body wash,226,3,0,0,raw/33_csti_pastry_pmax_90d.json (508 rows)
23659113115,dr teal's body lotion,50,3,0,0,raw/33_csti_pastry_pmax_90d.json (508 rows)
23659113115,best body lotions,163,3,11,178.06,raw/33_csti_pastry_pmax_90d.json (508 rows)
23659113115,pastry skincare sunscreen,13,3,0,0,raw/33_csti_pastry_pmax_90d.json (508 rows)
23659113115,body hyaluronic acid,20,3,0,0,raw/33_csti_pastry_pmax_90d.json (508 rows)
23659113115,salicylic acid body wash clicks,347,3,0,0,raw/33_csti_pastry_pmax_90d.json (508 rows)
23659113115,aha lotion,104,3,3,49.57,raw/33_csti_pastry_pmax_90d.json (508 rows)
23659113115,gluta hya vaseline,168,3,1,16.51,raw/33_csti_pastry_pmax_90d.json (508 rows)
23659113115,eucerin even pigment perfector body lotion,341,3,0,0,raw/33_csti_pastry_pmax_90d.json (508 rows)
23659113115,cerave body wash,360,3,6,97.37,raw/33_csti_pastry_pmax_90d.json (508 rows)
23659113115,face products for glowing skin,123,3,0,0,raw/33_csti_pastry_pmax_90d.json (508 rows)
23659113115,muse beauty,449,3,3,49.68,raw/33_csti_pastry_pmax_90d.json (508 rows)
23659113115,be bright collagen,79,3,1.003,16.56,raw/33_csti_pastry_pmax_90d.json (508 rows)
23659113115,deodorant dark underarms,46,3,1,16.54,raw/33_csti_pastry_pmax_90d.json (508 rows)
23659113115,glycolic acid soap for body,151,3,0,0,raw/33_csti_pastry_pmax_90d.json (508 rows)
23659113115,can glycolic acid remove dark spots,64,3,2.51,41.36,raw/33_csti_pastry_pmax_90d.json (508 rows)
23659113115,kojic acid turmeric medicube body wash,197,3,0,0,raw/33_csti_pastry_pmax_90d.json (508 rows)
23659113115,lotus pes,727,3,0,0,raw/33_csti_pastry_pmax_90d.json (508 rows)
23659113115,anti pigment eucerin body cream,64,3,1,16.55,raw/33_csti_pastry_pmax_90d.json (508 rows)
23659113115,cerave rough and bumpy,226,3,0,0,raw/33_csti_pastry_pmax_90d.json (508 rows)
23659113115,yearn skin,170,3,0,0,raw/33_csti_pastry_pmax_90d.json (508 rows)
23659113115,hermosa flor cosmetics,82,3,0,0,raw/33_csti_pastry_pmax_90d.json (508 rows)
23659113115,hydrating lotion,166,3,2,32.9,raw/33_csti_pastry_pmax_90d.json (508 rows)
23659113115,lush cosmetics,175,2,0,0,raw/33_csti_pastry_pmax_90d.json (508 rows)
23659113115,www clicks co za,48,2,0,0,raw/33_csti_pastry_pmax_90d.json (508 rows)
23659113115,underarm brightening roll on,41,2,0,0,raw/33_csti_pastry_pmax_90d.json (508 rows)
23659113115,the ordinary salicylic acid body serum,107,2,0,0,raw/33_csti_pastry_pmax_90d.json (508 rows)
23659113115,glycolic acid body wash benefits,78,2,1,16.8,raw/33_csti_pastry_pmax_90d.json (508 rows)
23659113115,summer fridays,42,2,0.782,12.76,raw/33_csti_pastry_pmax_90d.json (508 rows)
23659113115,pigmentation skincare products,62,2,0,0,raw/33_csti_pastry_pmax_90d.json (508 rows)
23659113115,la roche posay mela b3 serum,395,2,0,0,raw/33_csti_pastry_pmax_90d.json (508 rows)
23659113115,inner thighs lightening,100,2,2,32.8,raw/33_csti_pastry_pmax_90d.json (508 rows)
23659113115,niacinamide roll on,39,2,0.053,0.88,raw/33_csti_pastry_pmax_90d.json (508 rows)
23659113115,the ordinary salicylic acid,299,2,3,49.59,raw/33_csti_pastry_pmax_90d.json (508 rows)
23659113115,niacinamide body wash benefits,176,2,1,16.67,raw/33_csti_pastry_pmax_90d.json (508 rows)
23659113115,the ordinary glycolic acid 240ml,541,2,9,148.86,raw/33_csti_pastry_pmax_90d.json (508 rows)
23659113115,lotion exfoliant,83,2,1.997,32.62,raw/33_csti_pastry_pmax_90d.json (508 rows)
23659113115,eucerin 10 urea lotion,80,2,0,0,raw/33_csti_pastry_pmax_90d.json (508 rows)
23659113115,skin lightening products,197,2,0,0,raw/33_csti_pastry_pmax_90d.json (508 rows)
23659113115,azelaic body wash,28,2,0,0,raw/33_csti_pastry_pmax_90d.json (508 rows)
23659113115,sunscreen with niacinamide,53,2,0,0,raw/33_csti_pastry_pmax_90d.json (508 rows)
23659113115,the ordinary brightening serum,159,2,0,0,raw/33_csti_pastry_pmax_90d.json (508 rows)
23659113115,body care set,57,2,0,0,raw/33_csti_pastry_pmax_90d.json (508 rows)
23659113115,l occitane shower,60,2,0,0,raw/33_csti_pastry_pmax_90d.json (508 rows)
23659113115,teals body wash,215,2,0,0,raw/33_csti_pastry_pmax_90d.json (508 rows)
23659113115,shea butter body lotion,41,2,1,16.54,raw/33_csti_pastry_pmax_90d.json (508 rows)
23659113115,ingrams,40,2,0,0,raw/33_csti_pastry_pmax_90d.json (508 rows)
23659113115,eucerin moisturizer,510,2,5,80.89,raw/33_csti_pastry_pmax_90d.json (508 rows)
23659113115,the body shop hand cream,95,2,0,0.06,raw/33_csti_pastry_pmax_90d.json (508 rows)
23659113115,body lab,290,2,0,0,raw/33_csti_pastry_pmax_90d.json (508 rows)
23659113115,la roche posay sunscreen,161,2,15.088,250.17,raw/33_csti_pastry_pmax_90d.json (508 rows)
23659113115,medicube neck cream,37,2,0,0,raw/33_csti_pastry_pmax_90d.json (508 rows)
23659113115,ph balance body wash for women,59,2,1,16.84,raw/33_csti_pastry_pmax_90d.json (508 rows)
23659113115,eucerin hyaluron filler hand cream,28,2,0.989,16.09,raw/33_csti_pastry_pmax_90d.json (508 rows)
23659113115,the arc store,73,2,0,0,raw/33_csti_pastry_pmax_90d.json (508 rows)
23659113115,body wash pink,15,2,1,16.8,raw/33_csti_pastry_pmax_90d.json (508 rows)
23659113115,poetry lotion,70,2,0,0,raw/33_csti_pastry_pmax_90d.json (508 rows)
23659113115,la roche posay south africa,260,2,0,0,raw/33_csti_pastry_pmax_90d.json (508 rows)
23659113115,pastry store,97,2,2.977,49.02,raw/33_csti_pastry_pmax_90d.json (508 rows)
23659113115,cerave lotion,554,2,0,0,raw/33_csti_pastry_pmax_90d.json (508 rows)
23659113115,products for glowing body skin,15,2,0,0,raw/33_csti_pastry_pmax_90d.json (508 rows)
23659113115,dove body polish,220,2,1,16.33,raw/33_csti_pastry_pmax_90d.json (508 rows)
23659113115,amlactin calm & renew lotion,48,2,0,0,raw/33_csti_pastry_pmax_90d.json (508 rows)
23659113115,body toner knock,177,2,0,0,raw/33_csti_pastry_pmax_90d.json (508 rows)
23659113115,lipikar baume,115,2,0,0,raw/33_csti_pastry_pmax_90d.json (508 rows)
23659113115,kp exfoliating lotion,46,2,0,0,raw/33_csti_pastry_pmax_90d.json (508 rows)
23659113115,eucerin aquaphor,81,2,0,0,raw/33_csti_pastry_pmax_90d.json (508 rows)
23659113115,body oil clicks,124,2,0,0,raw/33_csti_pastry_pmax_90d.json (508 rows)
23659113115,la roche posay full skincare set,9,2,2,32.79,raw/33_csti_pastry_pmax_90d.json (508 rows)
23659113115,y axis serum,30,2,0,0,raw/33_csti_pastry_pmax_90d.json (508 rows)
23659113115,black spot corrector,49,2,0,0,raw/33_csti_pastry_pmax_90d.json (508 rows)
23659113115,l occitane body lotion,62,2,0,0,raw/33_csti_pastry_pmax_90d.json (508 rows)
23659113115,the ordinary clicks,89,2,4,67.35,raw/33_csti_pastry_pmax_90d.json (508 rows)
23659113115,body mask,28,2,3,50.18,raw/33_csti_pastry_pmax_90d.json (508 rows)
23659113115,dark spots,56,2,0,0,raw/33_csti_pastry_pmax_90d.json (508 rows)
23659113115,body care,181,2,5,81.98,raw/33_csti_pastry_pmax_90d.json (508 rows)
23659113115,derma care,46,2,1,16.26,raw/33_csti_pastry_pmax_90d.json (508 rows)
23659113115,can glycolic acid remove dark inner thighs,130,2,0,0,raw/33_csti_pastry_pmax_90d.json (508 rows)
23659113115,kojic acid turmeric vita brightening body wash,102,2,0,0,raw/33_csti_pastry_pmax_90d.json (508 rows)
23659113115,natural body products,15,2,0,0,raw/33_csti_pastry_pmax_90d.json (508 rows)
23659113115,q10 nivea,119,2,0,0,raw/33_csti_pastry_pmax_90d.json (508 rows)
23659113115,the ordinary mandelic acid,138,2,3,48.87,raw/33_csti_pastry_pmax_90d.json (508 rows)
23659113115,nivea q10 hand cream reviews,1,2,0,0,raw/33_csti_pastry_pmax_90d.json (508 rows)
23659113115,clere marula oil,101,2,0,0,raw/33_csti_pastry_pmax_90d.json (508 rows)
23659113115,8 hour cream,242,2,0,0,raw/33_csti_pastry_pmax_90d.json (508 rows)
23659113115,glycolic acid niacinamide,124,2,1,16.45,raw/33_csti_pastry_pmax_90d.json (508 rows)
23659113115,lotions,169,2,0,0,raw/33_csti_pastry_pmax_90d.json (508 rows)
23659113115,skin brightening hand cream,209,2,0,0,raw/33_csti_pastry_pmax_90d.json (508 rows)
23659113115,skins cosmetics,205,2,0,0,raw/33_csti_pastry_pmax_90d.json (508 rows)
23659113115,glycolic acid knees,40,2,0,0,raw/33_csti_pastry_pmax_90d.json (508 rows)
23659113115,dove even glow body cream,118,2,0,0,raw/33_csti_pastry_pmax_90d.json (508 rows)
23659113115,lancome mist,19,2,0,0,raw/33_csti_pastry_pmax_90d.json (508 rows)
23659113115,panoxyl acne foaming wash,651,2,5,82.96,raw/33_csti_pastry_pmax_90d.json (508 rows)
23659113115,self care,12,2,0,0,raw/33_csti_pastry_pmax_90d.json (508 rows)
23659113115,turmeric vitamin c body wash clicks,394,2,0,0,raw/33_csti_pastry_pmax_90d.json (508 rows)
23659113115,the ordinary body,38,2,0,0,raw/33_csti_pastry_pmax_90d.json (508 rows)
23659113115,faded topicals,317,2,0,0,raw/33_csti_pastry_pmax_90d.json (508 rows)
23659113115,the ordinary niacinamide 10 zinc 1,37,2,0,0,raw/33_csti_pastry_pmax_90d.json (508 rows)
23659113115,body cream for very dry skin,149,2,0,0,raw/33_csti_pastry_pmax_90d.json (508 rows)
23659113115,cera vera products,4,1,0,0,raw/33_csti_pastry_pmax_90d.json (508 rows)
23659113115,dove glycolic serum wash,91,1,0,0,raw/33_csti_pastry_pmax_90d.json (508 rows)
23659113115,driclor roll on,6,1,0,0,raw/33_csti_pastry_pmax_90d.json (508 rows)
23659113115,lelive reviews,43,1,0,0,raw/33_csti_pastry_pmax_90d.json (508 rows)
23659113115,la roche posay hand cream,27,1,0,0,raw/33_csti_pastry_pmax_90d.json (508 rows)
23659113115,standard beauty clicks,175,1,0,0,raw/33_csti_pastry_pmax_90d.json (508 rows)
23659113115,sa smoothing cleanser,40,1,0,0,raw/33_csti_pastry_pmax_90d.json (508 rows)
23659113115,original skin care,32,1,0,0,raw/33_csti_pastry_pmax_90d.json (508 rows)
23659113115,ageing hands treatments,45,1,0,0,raw/33_csti_pastry_pmax_90d.json (508 rows)
23659113115,body butter clicks,85,1,0,0,raw/33_csti_pastry_pmax_90d.json (508 rows)
23659113115,oils,1,1,0,0,raw/33_csti_pastry_pmax_90d.json (508 rows)
23659113115,glow mist woolworths,51,1,0.971,15.99,raw/33_csti_pastry_pmax_90d.json (508 rows)
23659113115,dischem near me,46,1,1,16.51,raw/33_csti_pastry_pmax_90d.json (508 rows)
23659113115,pixi face products,1,1,0,0,raw/33_csti_pastry_pmax_90d.json (508 rows)
23659113115,what causes back acne,55,1,2,32.82,raw/33_csti_pastry_pmax_90d.json (508 rows)
23659113115,arc gift sets,6,1,0,0,raw/33_csti_pastry_pmax_90d.json (508 rows)
23659113115,the ordinary mini icons set,31,1,4,65.59,raw/33_csti_pastry_pmax_90d.json (508 rows)
23659113115,olay body products,67,1,0,0,raw/33_csti_pastry_pmax_90d.json (508 rows)
23659113115,bikini line products,4,1,0,0,raw/33_csti_pastry_pmax_90d.json (508 rows)
23659113115,popsicle body care,26,1,0,0,raw/33_csti_pastry_pmax_90d.json (508 rows)
23659113115,perfumes,1,1,0,0,raw/33_csti_pastry_pmax_90d.json (508 rows)
23659113115,medix vitamin c lotion,47,1,0,0,raw/33_csti_pastry_pmax_90d.json (508 rows)
23659113115,mini gift sets,3,1,0,0,raw/33_csti_pastry_pmax_90d.json (508 rows)
23659113115,vaseline hand lotion,25,1,1,16.46,raw/33_csti_pastry_pmax_90d.json (508 rows)
23659113115,salicylic acid toner clicks,24,1,0,0,raw/33_csti_pastry_pmax_90d.json (508 rows)
23659113115,medicube exfoliating pads,56,1,0,0,raw/33_csti_pastry_pmax_90d.json (508 rows)
23659113115,the ordinary box set,7,1,0,0,raw/33_csti_pastry_pmax_90d.json (508 rows)
23659113115,bodylab products,67,1,0,0,raw/33_csti_pastry_pmax_90d.json (508 rows)
23659113115,la mer,28,1,0,0,raw/33_csti_pastry_pmax_90d.json (508 rows)
23659113115,advanced clinicals south africa,20,1,0,0,raw/33_csti_pastry_pmax_90d.json (508 rows)
23659113115,dermadoctor total nonscents,12,1,1,16.45,raw/33_csti_pastry_pmax_90d.json (508 rows)
23659113115,a skincare affair,55,1,0,0,raw/33_csti_pastry_pmax_90d.json (508 rows)
23659113115,glycolic acid moisturizer,30,1,0,0,raw/33_csti_pastry_pmax_90d.json (508 rows)
23659113115,advanced clinicals,163,1,0,0,raw/33_csti_pastry_pmax_90d.json (508 rows)
23659113115,in shower moisturiser,59,1,0,0,raw/33_csti_pastry_pmax_90d.json (508 rows)
23659113115,the ordinary skincare,95,1,0,0,raw/33_csti_pastry_pmax_90d.json (508 rows)
23659113115,panoxyl clicks,95,1,0,0,raw/33_csti_pastry_pmax_90d.json (508 rows)
23659113115,la roche posay lipikar balm ap m 400ml,5,1,0,0,raw/33_csti_pastry_pmax_90d.json (508 rows)
23659113115,sa cerave cleanser,108,1,0,0,raw/33_csti_pastry_pmax_90d.json (508 rows)
23659113115,lass skincare joining kit,1,1,0,0,raw/33_csti_pastry_pmax_90d.json (508 rows)
23659113115,cerave blemish control cleanser woolworths,89,1,0,0,raw/33_csti_pastry_pmax_90d.json (508 rows)
23659113115,la roche posay body wash,193,1,0,0,raw/33_csti_pastry_pmax_90d.json (508 rows)
23659113115,luxury hand cream,59,1,1,16.52,raw/33_csti_pastry_pmax_90d.json (508 rows)
23659113115,palmers tahitian body butter,23,1,0,0,raw/33_csti_pastry_pmax_90d.json (508 rows)
23659113115,luminous anti dark marks,2,1,1,16.33,raw/33_csti_pastry_pmax_90d.json (508 rows)
23659113115,inner thighs cream,18,1,0,0,raw/33_csti_pastry_pmax_90d.json (508 rows)
23659113115,woolworths near me,8,1,0,0,raw/33_csti_pastry_pmax_90d.json (508 rows)
23659113115,laneige skin care,177,1,0,0,raw/33_csti_pastry_pmax_90d.json (508 rows)
23659113115,la roche posay clicks,229,1,0,0,raw/33_csti_pastry_pmax_90d.json (508 rows)
23659113115,hyaluronic acid pills,2,1,4,66.04,raw/33_csti_pastry_pmax_90d.json (508 rows)
23659113115,brightening cream,88,1,1,16.5,raw/33_csti_pastry_pmax_90d.json (508 rows)
23659113115,thai skincare products,2,1,0,0,raw/33_csti_pastry_pmax_90d.json (508 rows)
23659113115,bio oil 200ml,53,1,7,115.26,raw/33_csti_pastry_pmax_90d.json (508 rows)
23659113115,woolworths exfoliator,84,1,0,0,raw/33_csti_pastry_pmax_90d.json (508 rows)
23659113115,hyaluronic cream,114,1,0,0,raw/33_csti_pastry_pmax_90d.json (508 rows)
23659113115,teen skincare sets,9,1,0,0,raw/33_csti_pastry_pmax_90d.json (508 rows)
23659113115,la roche posay anti pimple system,77,1,0,0,raw/33_csti_pastry_pmax_90d.json (508 rows)
23659113115,pink cosmetics,48,1,0,0,raw/33_csti_pastry_pmax_90d.json (508 rows)
23659113115,due care,110,1,0,0,raw/33_csti_pastry_pmax_90d.json (508 rows)
23659113115,dr rs skincare reviews,1,1,0,0,raw/33_csti_pastry_pmax_90d.json (508 rows)
23659113115,la roche posay body lotion,273,1,0,0,raw/33_csti_pastry_pmax_90d.json (508 rows)
23659113115,pastry skin roll on,4,1,0,0,raw/33_csti_pastry_pmax_90d.json (508 rows)
23659113115,la roche posay urea cream,81,1,0,0,raw/33_csti_pastry_pmax_90d.json (508 rows)
23659113115,l occitane south africa,85,1,0,0,raw/33_csti_pastry_pmax_90d.json (508 rows)
23659113115,the arc sale,17,1,0,0,raw/33_csti_pastry_pmax_90d.json (508 rows)
23659113115,tissue oil clicks,89,1,4,65.07,raw/33_csti_pastry_pmax_90d.json (508 rows)
23659113115,fundamentals,58,1,0,0,raw/33_csti_pastry_pmax_90d.json (508 rows)
23659113115,the ordinary face serum,69,1,0,0,raw/33_csti_pastry_pmax_90d.json (508 rows)
23659113115,kehl skin care,3,1,0,0,raw/33_csti_pastry_pmax_90d.json (508 rows)
23659113115,back acne products,31,1,0,0,raw/33_csti_pastry_pmax_90d.json (508 rows)
23659113115,south african makeup brands,223,1,0,0,raw/33_csti_pastry_pmax_90d.json (508 rows)
23659113115,the body shop online,28,1,0,0,raw/33_csti_pastry_pmax_90d.json (508 rows)
23659113115,bio oil lotion,92,1,0,0,raw/33_csti_pastry_pmax_90d.json (508 rows)
23659113115,full body whitening products,5,1,0,0,raw/33_csti_pastry_pmax_90d.json (508 rows)
23659113115,melanin inhibitor products,2,1,0,0,raw/33_csti_pastry_pmax_90d.json (508 rows)
23659113115,texture skin products,54,1,0,0,raw/33_csti_pastry_pmax_90d.json (508 rows)
23659113115,bio aesthetic skin care,4,1,0,0,raw/33_csti_pastry_pmax_90d.json (508 rows)
23659113115,masodi organics,47,1,0,0,raw/33_csti_pastry_pmax_90d.json (508 rows)
23659113115,vichy roll on,148,1,0,0,raw/33_csti_pastry_pmax_90d.json (508 rows)
23659113115,skincare brands,76,1,0,0,raw/33_csti_pastry_pmax_90d.json (508 rows)
23659113115,keratosis pilaris,107,1,0,0,raw/33_csti_pastry_pmax_90d.json (508 rows)
23659113115,the body shop face cream,2,1,0,0,raw/33_csti_pastry_pmax_90d.json (508 rows)
23659113115,hydration serum for face,90,1,0,0,raw/33_csti_pastry_pmax_90d.json (508 rows)
23659113115,dischem specials,107,1,0,0,raw/33_csti_pastry_pmax_90d.json (508 rows)
23659113115,ancient cosmetics,10,1,0,0,raw/33_csti_pastry_pmax_90d.json (508 rows)
23659113115,clinique face care,1,1,0,0,raw/33_csti_pastry_pmax_90d.json (508 rows)
23659113115,how to remove kiwi between thighs,2,1,0,0,raw/33_csti_pastry_pmax_90d.json (508 rows)
23659113115,chanel body care,26,1,0,0,raw/33_csti_pastry_pmax_90d.json (508 rows)
23659113115,the ordinary vitamin c,29,1,0,0,raw/33_csti_pastry_pmax_90d.json (508 rows)
23659113115,justine products,18,1,0,0,raw/33_csti_pastry_pmax_90d.json (508 rows)
23659113115,the ordinary body lotion,85,1,0,0,raw/33_csti_pastry_pmax_90d.json (508 rows)
23659113115,la roche posay effaclar,219,1,0,0,raw/33_csti_pastry_pmax_90d.json (508 rows)
23659113115,how to remove keratosis pilaris,188,1,1,16.34,raw/33_csti_pastry_pmax_90d.json (508 rows)
23659113115,body care skin care,5,1,0,0,raw/33_csti_pastry_pmax_90d.json (508 rows)
23659113115,how to lighten skin naturally,34,1,0,0,raw/33_csti_pastry_pmax_90d.json (508 rows)
23659113115,pantry roll on,18,1,0,0,raw/33_csti_pastry_pmax_90d.json (508 rows)
23659113115,body wash prices,10,1,0,0,raw/33_csti_pastry_pmax_90d.json (508 rows)
23659113115,skin functional clicks,27,1,0,0,raw/33_csti_pastry_pmax_90d.json (508 rows)
23659113115,la roche posay 10 urea lotion,29,1,0,0,raw/33_csti_pastry_pmax_90d.json (508 rows)
23659113115,is clinical,2,1,0,0,raw/33_csti_pastry_pmax_90d.json (508 rows)
23659113115,brightening body care,12,1,0,0,raw/33_csti_pastry_pmax_90d.json (508 rows)
23659113115,eucerin even pigment perfector body cream,252,1,0,0,raw/33_csti_pastry_pmax_90d.json (508 rows)
23659113115,vi peel,2,1,0,0,raw/33_csti_pastry_pmax_90d.json (508 rows)
23659113115,the ordinary cream,3,1,0,0,raw/33_csti_pastry_pmax_90d.json (508 rows)
23659113115,the body shop serum,2,1,0,0,raw/33_csti_pastry_pmax_90d.json (508 rows)
23659113115,lelive sos,215,1,0,0,raw/33_csti_pastry_pmax_90d.json (508 rows)
23659113115,the ordinary acne set,31,1,0,0,raw/33_csti_pastry_pmax_90d.json (508 rows)
23659113115,standard beauty co za,104,1,0,0,raw/33_csti_pastry_pmax_90d.json (508 rows)
23659113115,hyperpigmentation on body,95,1,0,0,raw/33_csti_pastry_pmax_90d.json (508 rows)
23659113115,la roche posay body spray,12,1,0,0,raw/33_csti_pastry_pmax_90d.json (508 rows)
23659113115,standard beauty products,372,1,0,0,raw/33_csti_pastry_pmax_90d.json (508 rows)
23659113115,niacinamide creams,65,1,2,33.05,raw/33_csti_pastry_pmax_90d.json (508 rows)
23659113115,la roche lipikar baume ap m,124,1,0,0,raw/33_csti_pastry_pmax_90d.json (508 rows)
23659113115,buy nida skincare,40,1,1,16.27,raw/33_csti_pastry_pmax_90d.json (508 rows)
23659113115,mixsoon products,17,1,0,0,raw/33_csti_pastry_pmax_90d.json (508 rows)
23659113115,biodance toner pads,30,1,0,0,raw/33_csti_pastry_pmax_90d.json (508 rows)
23659113115,affordable skin care,91,1,0,0,raw/33_csti_pastry_pmax_90d.json (508 rows)
23659113115,hibiclens,44,1,0,0,raw/33_csti_pastry_pmax_90d.json (508 rows)
23659113115,faded soap bar,27,1,0,0,raw/33_csti_pastry_pmax_90d.json (508 rows)
23659113115,garnier even roll on,3,1,0,0,raw/33_csti_pastry_pmax_90d.json (508 rows)
23659113115,gatineau aha body lotion reviews,12,1,0,0,raw/33_csti_pastry_pmax_90d.json (508 rows)
23659113115,hugs body lotion lush,91,1,0,0,raw/33_csti_pastry_pmax_90d.json (508 rows)
23659113115,la roche posay moisturizer,250,1,0,0,raw/33_csti_pastry_pmax_90d.json (508 rows)
23659113115,lighten underarms,62,1,0,0,raw/33_csti_pastry_pmax_90d.json (508 rows)
23659113115,deodorant serum,43,1,0.5,8.23,raw/33_csti_pastry_pmax_90d.json (508 rows)
23659113115,african extracts rooibos,63,1,0,0,raw/33_csti_pastry_pmax_90d.json (508 rows)
23659113115,how to treat cystic acne,15,1,0,0,raw/33_csti_pastry_pmax_90d.json (508 rows)
23659113115,on tap body wash,18,1,0,0,raw/33_csti_pastry_pmax_90d.json (508 rows)
23659113115,body pimples,11,1,0.981,15.92,raw/33_csti_pastry_pmax_90d.json (508 rows)
23659113115,woolworths toner,162,1,0,0,raw/33_csti_pastry_pmax_90d.json (508 rows)
23659113115,eunoia skincare wholesalers,2,1,0,0,raw/33_csti_pastry_pmax_90d.json (508 rows)
23659113115,medicure products,7,1,0,0,raw/33_csti_pastry_pmax_90d.json (508 rows)
23659113115,l occitane hand cream price,10,1,1,16.15,raw/33_csti_pastry_pmax_90d.json (508 rows)
23659113115,la roche posay glycolic b5 serum,11,1,0,0,raw/33_csti_pastry_pmax_90d.json (508 rows)
23659113115,my skin rules,44,1,0,0,raw/33_csti_pastry_pmax_90d.json (508 rows)
23659113115,nyx body care,12,1,2,32.38,raw/33_csti_pastry_pmax_90d.json (508 rows)
23659113115,eucerin 48h anti perspirant roll on,10,1,0,0,raw/33_csti_pastry_pmax_90d.json (508 rows)
23659113115,axis y,190,1,0,0,raw/33_csti_pastry_pmax_90d.json (508 rows)
23659113115,glycolic roll on,48,1,0,0,raw/33_csti_pastry_pmax_90d.json (508 rows)
23659113115,amazon com,5,1,1.0,16.42,raw/33_csti_pastry_pmax_90d.json (508 rows)
23659113115,pastry deodorant roll on,30,1,0,0,raw/33_csti_pastry_pmax_90d.json (508 rows)
23659113115,firming lotion,118,1,0,0,raw/33_csti_pastry_pmax_90d.json (508 rows)
23659113115,best body sets,49,1,0,0,raw/33_csti_pastry_pmax_90d.json (508 rows)
23659113115,the ordinary azelaic acid suspension 10,33,1,0,0,raw/33_csti_pastry_pmax_90d.json (508 rows)
23659113115,white label cosmetics,20,1,0,0,raw/33_csti_pastry_pmax_90d.json (508 rows)
23659113115,collagen products,2,1,0,0,raw/33_csti_pastry_pmax_90d.json (508 rows)
23659113115,how to lighten dark hands,14,1,0,0,raw/33_csti_pastry_pmax_90d.json (508 rows)
23659113115,pre shave scrub,6,1,0,0,raw/33_csti_pastry_pmax_90d.json (508 rows)
23659113115,kylie cosmetics,42,1,0,0,raw/33_csti_pastry_pmax_90d.json (508 rows)
23659113115,removing skin dark spots,35,1,0,0,raw/33_csti_pastry_pmax_90d.json (508 rows)
23659113115,palmers,602,1,0,0,raw/33_csti_pastry_pmax_90d.json (508 rows)
23659113115,la roche posay cicaplast,105,1,0,0,raw/33_csti_pastry_pmax_90d.json (508 rows)
23659113115,neila beauty store reviews,4,1,0,0,raw/33_csti_pastry_pmax_90d.json (508 rows)
23659113115,dirty works,4,1,1,16.26,raw/33_csti_pastry_pmax_90d.json (508 rows)
23659113115,turmeric scrub,78,1,1,16.53,raw/33_csti_pastry_pmax_90d.json (508 rows)
23659113115,cosrx alpha arbutin 2 discoloration care,16,1,0,0,raw/33_csti_pastry_pmax_90d.json (508 rows)
23659113115,the ordinary cleanser,120,1,0,0,raw/33_csti_pastry_pmax_90d.json (508 rows)
23659113115,brightening body oil,137,1,0,0,raw/33_csti_pastry_pmax_90d.json (508 rows)
23659113115,koji white,5,1,0,0,raw/33_csti_pastry_pmax_90d.json (508 rows)
23659113115,bakuchiol woolworths,25,1,0,0,raw/33_csti_pastry_pmax_90d.json (508 rows)
23659113115,the bright set,1,1,0,0,raw/33_csti_pastry_pmax_90d.json (508 rows)
23659113115,ceramides,29,1,0,0,raw/33_csti_pastry_pmax_90d.json (508 rows)
23659113115,brightening roll on,15,1,0,0,raw/33_csti_pastry_pmax_90d.json (508 rows)
23659113115,niacinamide body lotion benefits,40,1,0,0,raw/33_csti_pastry_pmax_90d.json (508 rows)
23659113115,face pads,4,1,0,0,raw/33_csti_pastry_pmax_90d.json (508 rows)
23659113115,l occitane almond shower oil,57,1,0,0,raw/33_csti_pastry_pmax_90d.json (508 rows)
23659113115,face serum clicks,112,1,3,49.66,raw/33_csti_pastry_pmax_90d.json (508 rows)
23659113115,clinique mini kit,1,1,0,0,raw/33_csti_pastry_pmax_90d.json (508 rows)
23659113115,hyaluronic acid for stretch marks,88,1,0,0,raw/33_csti_pastry_pmax_90d.json (508 rows)
23659113115,skin products,69,0,0,0,raw/33_csti_pastry_pmax_90d.json (508 rows)
23659113115,la roche 3 step kit,93,0,0,0,raw/33_csti_pastry_pmax_90d.json (508 rows)
23659113115,luxurious body oils,11,0,0,0,raw/33_csti_pastry_pmax_90d.json (508 rows)
23659113115,palmers shower oil,375,0,0,0,raw/33_csti_pastry_pmax_90d.json (508 rows)
23659113115,clarins,48,0,0,0,raw/33_csti_pastry_pmax_90d.json (508 rows)
23659113115,la roche posay vitamin c serum,9,0,0,0,raw/33_csti_pastry_pmax_90d.json (508 rows)
23659113115,luxury body products,10,0,0,0,raw/33_csti_pastry_pmax_90d.json (508 rows)
23659113115,l occitane body oil,96,0,0,0,raw/33_csti_pastry_pmax_90d.json (508 rows)
23659113115,vanilla body oil,93,0,0,0,raw/33_csti_pastry_pmax_90d.json (508 rows)
23659113115,pigmentation hand cream,28,0,0,0,raw/33_csti_pastry_pmax_90d.json (508 rows)
23659113115,la roche posay near me,4,0,0,0,raw/33_csti_pastry_pmax_90d.json (508 rows)
23659113115,k beauty skincare,16,0,0,0,raw/33_csti_pastry_pmax_90d.json (508 rows)
23659113115,aveeno body oil clicks,28,0,0,0,raw/33_csti_pastry_pmax_90d.json (508 rows)
23659113115,can glycolic acid remove stretch marks,40,0,0,0,raw/33_csti_pastry_pmax_90d.json (508 rows)
23659113115,clear skin products,71,0,0,0,raw/33_csti_pastry_pmax_90d.json (508 rows)
23659113115,safe skin lightening products,22,0,0,0,raw/33_csti_pastry_pmax_90d.json (508 rows)
23659113115,jo malone hand cream,29,0,0,0,raw/33_csti_pastry_pmax_90d.json (508 rows)
23659113115,sorbet products,69,0,0,0,raw/33_csti_pastry_pmax_90d.json (508 rows)
23659113115,la roche posay effaclar micro peeling purifying gel,22,0,0,0,raw/33_csti_pastry_pmax_90d.json (508 rows)
23659113115,cerave products,149,0,0,0,raw/33_csti_pastry_pmax_90d.json (508 rows)
23659113115,mzuri soap,90,0,0,0,raw/33_csti_pastry_pmax_90d.json (508 rows)
23659113115,one day only,11,0,0,0,raw/33_csti_pastry_pmax_90d.json (508 rows)
23659113115,l oreal glycolic bright,82,0,0,0,raw/33_csti_pastry_pmax_90d.json (508 rows)
23659113115,las skincare,29,0,0,0,raw/33_csti_pastry_pmax_90d.json (508 rows)
23659113115,retinol hand cream clicks,112,0,0,0,raw/33_csti_pastry_pmax_90d.json (508 rows)
23659113115,the ordinary winter skin set,187,0,0,0,raw/33_csti_pastry_pmax_90d.json (508 rows)
23659113115,la roche b3,81,0,0,0,raw/33_csti_pastry_pmax_90d.json (508 rows)
23659113115,dermafix products,13,0,0,0,raw/33_csti_pastry_pmax_90d.json (508 rows)
23659113115,l occitane supple skin oil,49,0,0,0,raw/33_csti_pastry_pmax_90d.json (508 rows)
23659113115,pastry underarm roll on,69,0,0,0,raw/33_csti_pastry_pmax_90d.json (508 rows)
23659113115,pure skin cosmetics,38,0,0,0,raw/33_csti_pastry_pmax_90d.json (508 rows)
23659113115,niacinamide face wash clicks,66,0,0,0,raw/33_csti_pastry_pmax_90d.json (508 rows)
23659113115,l occitane shower oil,419,0,0,0,raw/33_csti_pastry_pmax_90d.json (508 rows)
23659113115,gmaeum reviews,16,0,0,0,raw/33_csti_pastry_pmax_90d.json (508 rows)
23659113115,beauty products,31,0,0,0,raw/33_csti_pastry_pmax_90d.json (508 rows)
23659113115,la roche posay specials,22,0,0,0,raw/33_csti_pastry_pmax_90d.json (508 rows)
23659113115,palmers products,83,0,0,0,raw/33_csti_pastry_pmax_90d.json (508 rows)
23659113115,la roche posay starter kit,154,0,0,0,raw/33_csti_pastry_pmax_90d.json (508 rows)
23659113115,silki skincare products,91,0,0,0,raw/33_csti_pastry_pmax_90d.json (508 rows)
23659113115,breakout treatment products,5,0,0,0,raw/33_csti_pastry_pmax_90d.json (508 rows)
23659113115,body acne pills,15,0,0,0,raw/33_csti_pastry_pmax_90d.json (508 rows)
23659113115,bioderma sensitive areas,9,0,0,0,raw/33_csti_pastry_pmax_90d.json (508 rows)
23659113115,body products,23,0,0,0,raw/33_csti_pastry_pmax_90d.json (508 rows)
23659113115,natural body oil,35,0,0,0,raw/33_csti_pastry_pmax_90d.json (508 rows)
23659113115,pastry hyperpigmentation roll on,3,0,0,0,raw/33_csti_pastry_pmax_90d.json (508 rows)
23659113115,back pimples,28,0,0,0,raw/33_csti_pastry_pmax_90d.json (508 rows)
23659113115,kojic acid soap clicks,206,0,0,0,raw/33_csti_pastry_pmax_90d.json (508 rows)
23659113115,sorbet body products,71,0,0,0,raw/33_csti_pastry_pmax_90d.json (508 rows)
