adset_id,name,campaign_id,status,effective_status,delivery_status,delivery_substatus,learning_stage,optimization_goal,billing_event,bid_strategy,daily_budget,budget_remaining,destination_type,promoted_object,attribution_setting,start_time,end_time,created_time,updated_time,age,genders,geo_included,geo_excluded,custom_audiences,excluded_custom_audiences,detailed_targeting,advantage_audience,publisher_platforms,instagram_positions,facebook_positions,device_platforms,spend_zar_2026_03_10_to_09_05,impressions,reach,frequency,outbound_clicks,landing_page_views,add_to_cart,initiate_checkout,website_purchases,purchase_value,source
120248284921000393,PASTRY_W6_INTL_WORLDWIDE_SKINCARE_INTENT_TEST,120248284912210393,ACTIVE,ACTIVE,warning,learning_exit_unsuccessfully,"{""attribution_windows"": [""7d_click"", ""1d_view""], ""conversions"": 0, ""last_sig_edit_ts"": 1787909404, ""status"": ""FAIL""}",OFFSITE_CONVERSIONS,IMPRESSIONS,Highest volume,ZAR250.00,ZAR250.00,WEBSITE,"{""pixel_id"": ""203047029058550"", ""custom_event_type"": ""PURCHASE"", ""pixel_rule"": null}",1d_view_7d_click,2026-08-28T09:58:32+0200,NOT IN SOURCE (none),2026-08-28T09:58:32+0200,2026-08-28T11:30:21+0200,20-65,"{""0"": 2}",ZA,"ZA, CN",,"Pastry | Instagram | Engagers | 30 Days, Pastry | Facebook | Page Engagers | 30 Days, Pastry | Purchasers | 180d | REBUILD_20260805","interests:Cosmetics, Personal care, Natural skin care, Skin care | behaviors:Engaged Shoppers","{""advantage_audience"": 1}","Advantage+ placements (effective: facebook, instagram, whatsapp, threads)",auto,auto,auto,ZAR0.00,0,0,0,,,,,,,ads_get_ad_entities level=adset time_range 2026-03-10..2026-09-05; captured 2026-09-06 ~10:26-10:45 UTC (12:26-12:45 Africa/Johannesburg)
120248284920020393,PASTRY_W5_INTL_WORLDWIDE_SHOPPING_INTENT_TEST,120248284912210393,ACTIVE,ACTIVE,warning,learning_exit_unsuccessfully,"{""attribution_windows"": [""7d_click"", ""1d_view""], ""conversions"": 0, ""last_sig_edit_ts"": 1787909405, ""status"": ""FAIL""}",OFFSITE_CONVERSIONS,IMPRESSIONS,Highest volume,ZAR250.00,ZAR250.00,WEBSITE,"{""pixel_id"": ""203047029058550"", ""custom_event_type"": ""PURCHASE"", ""pixel_rule"": null}",1d_view_7d_click,2026-08-28T09:58:29+0200,NOT IN SOURCE (none),2026-08-28T09:58:29+0200,2026-08-28T11:30:22+0200,20-65,"{""0"": 2}",ZA,"ZA, CN",,"Pastry | Instagram | Engagers | 30 Days, Pastry | Facebook | Page Engagers | 30 Days, Pastry | Purchasers | 180d | REBUILD_20260805","interests:Shopping, Online shopping, Shopping malls | behaviors:Engaged Shoppers","{""advantage_audience"": 1}","Advantage+ placements (effective: facebook, instagram, whatsapp, threads)",auto,auto,auto,ZAR0.00,0,0,0,,,,,,,ads_get_ad_entities level=adset time_range 2026-03-10..2026-09-05; captured 2026-09-06 ~10:26-10:45 UTC (12:26-12:45 Africa/Johannesburg)
120248284918900393,PASTRY_W4_INTL_WORLDWIDE_FULL_SIGNAL_TEST,120248284912210393,ACTIVE,ACTIVE,warning,learning_exit_unsuccessfully,"{""attribution_windows"": [""7d_click"", ""1d_view""], ""conversions"": 0, ""last_sig_edit_ts"": 1787909406, ""status"": ""FAIL""}",OFFSITE_CONVERSIONS,IMPRESSIONS,Highest volume,ZAR250.00,ZAR250.00,WEBSITE,"{""pixel_id"": ""203047029058550"", ""custom_event_type"": ""PURCHASE"", ""pixel_rule"": null}",1d_view_7d_click,2026-08-28T09:58:26+0200,NOT IN SOURCE (none),2026-08-28T09:58:26+0200,2026-08-28T11:30:24+0200,20-65,"{""0"": 2}",ZA,"ZA, CN",,"Pastry | Instagram | Engagers | 30 Days, Pastry | Facebook | Page Engagers | 30 Days, Pastry | Purchasers | 180d | REBUILD_20260805","interests:Cosmetics, Personal care, Shopping, Online shopping, Shopping malls, Natural skin care, Skin care | behaviors:Engaged Shoppers","{""advantage_audience"": 1}","Advantage+ placements (effective: facebook, instagram, whatsapp, threads)",auto,auto,auto,ZAR0.00,0,0,0,,,,,,,ads_get_ad_entities level=adset time_range 2026-03-10..2026-09-05; captured 2026-09-06 ~10:26-10:45 UTC (12:26-12:45 Africa/Johannesburg)
120248284917990393,PASTRY_W3_ZA_SHOPPING_INTENT_TEST,120248284911800393,ACTIVE,ACTIVE,active,in_learning_phase,"{""attribution_windows"": [""7d_click"", ""1d_view""], ""conversions"": 16, ""status"": ""LEARNING""}",OFFSITE_CONVERSIONS,IMPRESSIONS,Highest volume,ZAR250.00,ZAR203.49,WEBSITE,"{""pixel_id"": ""203047029058550"", ""custom_event_type"": ""PURCHASE"", ""pixel_rule"": null}",1d_view_7d_click,2026-08-28T09:58:23+0200,NOT IN SOURCE (none),2026-08-28T09:58:23+0200,2026-08-28T09:58:42+0200,18-65,"{""0"": 2}",ZA,CN,,"Pastry | Instagram | Engagers | 30 Days, Pastry | Facebook | Page Engagers | 30 Days, Pastry | Purchasers | 180d | REBUILD_20260805","interests:Shopping, Online shopping, Shopping malls | behaviors:Engaged Shoppers","{""advantage_audience"": 1}","Advantage+ placements (effective: facebook, instagram, whatsapp, threads)",auto,auto,auto,"ZAR2,135.08",47040,29865,1.575088,969,853,187,68,16,"ZAR14,321.25",ads_get_ad_entities level=adset time_range 2026-03-10..2026-09-05; captured 2026-09-06 ~10:26-10:45 UTC (12:26-12:45 Africa/Johannesburg)
120248284914700393,PASTRY_W2_ZA_SOCIAL30_TEST,120248284911800393,ACTIVE,ACTIVE,active,in_learning_phase,"{""attribution_windows"": [""7d_click"", ""1d_view""], ""conversions"": 23, ""status"": ""LEARNING""}",OFFSITE_CONVERSIONS,IMPRESSIONS,Highest volume,ZAR250.00,ZAR203.14,WEBSITE,"{""pixel_id"": ""203047029058550"", ""custom_event_type"": ""PURCHASE"", ""pixel_rule"": null}",1d_view_7d_click,2026-08-28T09:58:20+0200,NOT IN SOURCE (none),2026-08-28T09:58:20+0200,2026-08-28T09:58:37+0200,18-65,"{""0"": 2}",ZA,CN,"Pastry | Instagram | Engagers | 30 Days, Pastry | Facebook | Page Engagers | 30 Days",Pastry | Purchasers | 180d | REBUILD_20260805,"interests:Cosmetics, Online shopping, Shopping malls, Skin care | behaviors:Engaged Shoppers","{""advantage_audience"": 1}","Advantage+ placements (effective: facebook, instagram, whatsapp, threads)",auto,auto,auto,"ZAR2,132.31",34519,15354,2.248209,709,607,175,73,23,"ZAR19,216.75",ads_get_ad_entities level=adset time_range 2026-03-10..2026-09-05; captured 2026-09-06 ~10:26-10:45 UTC (12:26-12:45 Africa/Johannesburg)
120248284913190393,PASTRY_W1_ZA_FULL_SIGNAL_TEST,120248284911800393,ACTIVE,ACTIVE,active,in_learning_phase,"{""attribution_windows"": [""7d_click"", ""1d_view""], ""conversions"": 15, ""last_sig_edit_ts"": 1787903925, ""status"": ""LEARNING""}",OFFSITE_CONVERSIONS,IMPRESSIONS,Highest volume,ZAR250.00,ZAR198.34,WEBSITE,"{""pixel_id"": ""203047029058550"", ""custom_event_type"": ""PURCHASE"", ""pixel_rule"": null}",1d_view_7d_click,2026-08-28T09:58:17+0200,NOT IN SOURCE (none),2026-08-28T09:58:16+0200,2026-08-28T09:58:45+0200,18-65,"{""0"": 2}",ZA,CN,,"Pastry | Instagram | Engagers | 30 Days, Pastry | Facebook | Page Engagers | 30 Days, Pastry | Purchasers | 180d | REBUILD_20260805","interests:Cosmetics, Personal care, Shopping, Online shopping, Shopping malls, Natural skin care, Skin care | behaviors:Engaged Shoppers","{""advantage_audience"": 1}","Advantage+ placements (effective: facebook, instagram, whatsapp, threads)",auto,auto,auto,"ZAR2,137.72",42968,29279,1.467536,967,877,154,52,14,"ZAR10,079.50",ads_get_ad_entities level=adset time_range 2026-03-10..2026-09-05; captured 2026-09-06 ~10:26-10:45 UTC (12:26-12:45 Africa/Johannesburg)
120247983150600393,PASTRY_A2_ZA_SOCIAL_SIGNALS_UNION,120247983147880393,ACTIVE,ACTIVE,active,active,"{""attribution_windows"": [""7d_click"", ""1d_view""], ""last_sig_edit_ts"": 1786918785, ""status"": ""SUCCESS""}",OFFSITE_CONVERSIONS,IMPRESSIONS,Highest volume,ZAR350.00,ZAR232.16,WEBSITE,"{""pixel_id"": ""203047029058550"", ""custom_event_type"": ""PURCHASE"", ""pixel_rule"": null}",1d_view_7d_click,2026-08-14T07:04:16+0200,NOT IN SOURCE (none),2026-08-14T07:04:16+0200,2026-08-17T00:19:45+0200,18-65,"{""0"": 2}",ZA,CN,"Pastry | Instagram | Engagers | 30 Days, Pastry | Facebook | Page Engagers | 30 Days",Pastry | Purchasers | 180d | REBUILD_20260805,,"{""advantage_audience"": 1}","Advantage+ placements (effective: facebook, instagram, messenger, whatsapp, threads)",auto,auto,auto,"ZAR7,927.87",169054,55209,3.062073,3814,3302,883,333,89,"ZAR82,312.25",ads_get_ad_entities level=adset time_range 2026-03-10..2026-09-05; captured 2026-09-06 ~10:26-10:45 UTC (12:26-12:45 Africa/Johannesburg)
120247983149820393,PASTRY_A1_ZA_BROAD_NEW_EXCL_SIGNALS,120247983147880393,ACTIVE,ACTIVE,active,active,"{""attribution_windows"": [""7d_click"", ""1d_view""], ""last_sig_edit_ts"": 1786918767, ""status"": ""SUCCESS""}",OFFSITE_CONVERSIONS,IMPRESSIONS,Highest volume,ZAR350.00,ZAR220.06,WEBSITE,"{""pixel_id"": ""203047029058550"", ""custom_event_type"": ""PURCHASE"", ""pixel_rule"": null}",1d_view_7d_click,2026-08-14T07:04:13+0200,NOT IN SOURCE (none),2026-08-14T07:04:12+0200,2026-08-17T00:19:44+0200,18-65,"{""0"": 2}",ZA,CN,,"Pastry | Instagram | Engagers | 30 Days, Pastry | Facebook | Page Engagers | 30 Days, Pastry | Purchasers | 180d | REBUILD_20260805","interests:Cosmetics, Personal care, Shopping, Online shopping, Natural skin care, Skin care | behaviors:Engaged Shoppers","{""advantage_audience"": 1}","Advantage+ placements (effective: facebook, instagram, messenger, whatsapp, threads)",auto,auto,auto,"ZAR7,916.76",148687,82279,1.807108,3754,3214,539,245,66,"ZAR55,416.25",ads_get_ad_entities level=adset time_range 2026-03-10..2026-09-05; captured 2026-09-06 ~10:26-10:45 UTC (12:26-12:45 Africa/Johannesburg)
120239424374900393,PASTRY_DPA_Broad_Acq_3,120239423593780393,ACTIVE,ACTIVE,active,active,"{""attribution_windows"": [""7d_click"", ""1d_view""], ""last_sig_edit_ts"": 1785959304, ""status"": ""SUCCESS""}",OFFSITE_CONVERSIONS,IMPRESSIONS,NOT IN SOURCE,ZAR300.00,ZAR0.00,UNDEFINED,"{""pixel_id"": ""203047029058550"", ""custom_event_type"": ""PURCHASE"", ""pixel_rule"": null}",1d_view_7d_click_1d_ev,2026-03-11T13:09:37+0200,NOT IN SOURCE (none),2026-03-11T13:09:37+0200,2026-08-05T21:48:41+0200,18-65,"{""0"": 2}",ZA,CN,,Pastry | Purchasers | 180d | REBUILD_20260805,,"{""advantage_audience"": 1}","Advantage+ placements (effective: facebook, instagram, whatsapp, threads)",auto,auto,auto,"ZAR32,727.85",829617,144686,5.733913,19002,17053,4197,1857,527,"ZAR446,334.67",ads_get_ad_entities level=adset time_range 2026-03-10..2026-09-05; captured 2026-09-06 ~10:26-10:45 UTC (12:26-12:45 Africa/Johannesburg)
120239424374890393,PASTRY_DPA_Broad_Acq_2,120239423593780393,ACTIVE,ACTIVE,active,active,"{""attribution_windows"": [""7d_click"", ""1d_view""], ""last_sig_edit_ts"": 1785959301, ""status"": ""SUCCESS""}",OFFSITE_CONVERSIONS,IMPRESSIONS,NOT IN SOURCE,ZAR250.00,ZAR0.00,UNDEFINED,"{""pixel_id"": ""203047029058550"", ""custom_event_type"": ""PURCHASE"", ""pixel_rule"": null}",1d_view_7d_click_1d_ev,2026-03-11T13:09:35+0200,NOT IN SOURCE (none),2026-03-11T13:09:35+0200,2026-08-05T21:48:39+0200,18-65,"{""0"": 2}",ZA,CN,,Pastry | Purchasers | 180d | REBUILD_20260805,,"{""advantage_audience"": 1}","Advantage+ placements (effective: facebook, instagram, whatsapp, threads)",auto,auto,auto,"ZAR34,293.74",778892,131462,5.924845,17681,16103,4144,1807,465,"ZAR409,321.22",ads_get_ad_entities level=adset time_range 2026-03-10..2026-09-05; captured 2026-09-06 ~10:26-10:45 UTC (12:26-12:45 Africa/Johannesburg)
120239423593800393,PASTRY_DPA_Broad_Acq_1,120239423593780393,ACTIVE,ACTIVE,active,active,"{""attribution_windows"": [""7d_click"", ""1d_view""], ""last_sig_edit_ts"": 1785959299, ""status"": ""SUCCESS""}",OFFSITE_CONVERSIONS,IMPRESSIONS,NOT IN SOURCE,ZAR250.00,ZAR0.00,UNDEFINED,"{""pixel_id"": ""203047029058550"", ""custom_event_type"": ""PURCHASE"", ""pixel_rule"": null}",1d_view_7d_click_1d_ev,2026-03-11T13:10:00+0200,NOT IN SOURCE (none),2026-03-11T13:10:00+0200,2026-08-05T21:48:35+0200,18-65,"{""0"": 2}",ZA,CN,,Pastry | Purchasers | 180d | REBUILD_20260805,,"{""advantage_audience"": 1}",instagram,"stream, story, reels, explore_home, profile_feed, ig_search",auto,mobile,"ZAR29,332.04",593989,102793,5.778497,13706,12579,3435,1483,426,"ZAR367,230.12",ads_get_ad_entities level=adset time_range 2026-03-10..2026-09-05; captured 2026-09-06 ~10:26-10:45 UTC (12:26-12:45 Africa/Johannesburg)
120248161496390393,ZA_R1_ADVPLUS_BROAD_EXCL_SIGNALS_V6,120248161495070393,ACTIVE,CAMPAIGN_PAUSED,inactive,campaign_off,null,OFFSITE_CONVERSIONS,IMPRESSIONS,Highest volume,ZAR600.00,ZAR600.00,WEBSITE,"{""pixel_id"": ""203047029058550"", ""custom_event_type"": ""PURCHASE"", ""pixel_rule"": null}",1d_view_7d_click,2026-08-21T12:42:31+0200,NOT IN SOURCE (none),2026-08-21T12:42:31+0200,2026-08-21T12:42:49+0200,18-65,"{""0"": 2}",ZA,CN,,"Pastry | Instagram | Engagers | 30 Days, Pastry | Facebook | Page Engagers | 30 Days, Pastry | Purchasers | 180d | REBUILD_20260805","interests:Cosmetics, Personal care, Shopping, Online shopping, Shopping malls, Natural skin care, Skin care | behaviors:Engaged Shoppers","{""advantage_audience"": 1}","Advantage+ placements (effective: facebook, instagram, whatsapp, threads)",auto,auto,auto,ZAR0.00,0,0,0,,,,,,,ads_get_ad_entities level=adset time_range 2026-03-10..2026-09-05; captured 2026-09-06 ~10:26-10:45 UTC (12:26-12:45 Africa/Johannesburg)
120248160925920393,ZA_R1_ADVPLUS_BROAD_EXCL_SIGNALS_V5,120248160924870393,ACTIVE,CAMPAIGN_PAUSED,inactive,campaign_off,null,OFFSITE_CONVERSIONS,IMPRESSIONS,Highest volume,ZAR600.00,ZAR600.00,WEBSITE,"{""pixel_id"": ""203047029058550"", ""custom_event_type"": ""PURCHASE"", ""pixel_rule"": null}",1d_view_7d_click,2026-08-21T12:07:31+0200,NOT IN SOURCE (none),2026-08-21T12:07:31+0200,2026-08-21T12:07:49+0200,18-65,"{""0"": 2}",ZA,CN,,"Pastry | Instagram | Engagers | 30 Days, Pastry | Facebook | Page Engagers | 30 Days, Pastry | Purchasers | 180d | REBUILD_20260805","interests:Cosmetics, Personal care, Shopping, Online shopping, Shopping malls, Natural skin care, Skin care | behaviors:Engaged Shoppers","{""advantage_audience"": 1}","Advantage+ placements (effective: facebook, instagram, whatsapp, threads)",auto,auto,auto,ZAR0.00,0,0,0,,,,,,,ads_get_ad_entities level=adset time_range 2026-03-10..2026-09-05; captured 2026-09-06 ~10:26-10:45 UTC (12:26-12:45 Africa/Johannesburg)
120248160498080393,ZA_R1_ADVPLUS_BROAD_EXCL_SIGNALS_V4,120248160496510393,ACTIVE,CAMPAIGN_PAUSED,inactive,campaign_off,null,OFFSITE_CONVERSIONS,IMPRESSIONS,Highest volume,ZAR600.00,ZAR600.00,WEBSITE,"{""pixel_id"": ""203047029058550"", ""custom_event_type"": ""PURCHASE"", ""pixel_rule"": null}",1d_view_7d_click,2026-08-21T11:44:06+0200,NOT IN SOURCE (none),2026-08-21T11:44:06+0200,2026-08-21T11:44:22+0200,18-65,"{""0"": 2}",ZA,CN,,"Pastry | Instagram | Engagers | 30 Days, Pastry | Facebook | Page Engagers | 30 Days, Pastry | Purchasers | 180d | REBUILD_20260805","interests:Cosmetics, Personal care, Shopping, Online shopping, Shopping malls, Natural skin care, Skin care | behaviors:Engaged Shoppers","{""advantage_audience"": 1}","Advantage+ placements (effective: facebook, instagram, whatsapp, threads)",auto,auto,auto,ZAR0.00,0,0,0,,,,,,,ads_get_ad_entities level=adset time_range 2026-03-10..2026-09-05; captured 2026-09-06 ~10:26-10:45 UTC (12:26-12:45 Africa/Johannesburg)
120248159885030393,ZA_R1_ADVPLUS_BROAD_EXCL_SIGNALS_V3,120248159883870393,ACTIVE,CAMPAIGN_PAUSED,inactive,campaign_off,null,OFFSITE_CONVERSIONS,IMPRESSIONS,Highest volume,ZAR600.00,ZAR600.00,WEBSITE,"{""pixel_id"": ""203047029058550"", ""custom_event_type"": ""PURCHASE"", ""pixel_rule"": null}",1d_view_7d_click,2026-08-21T11:21:00+0200,NOT IN SOURCE (none),2026-08-21T11:20:59+0200,2026-08-21T11:21:18+0200,18-65,"{""0"": 2}",ZA,CN,,"Pastry | Instagram | Engagers | 30 Days, Pastry | Facebook | Page Engagers | 30 Days, Pastry | Purchasers | 180d | REBUILD_20260805","interests:Cosmetics, Personal care, Shopping, Online shopping, Shopping malls, Natural skin care, Skin care | behaviors:Engaged Shoppers","{""advantage_audience"": 1}","Advantage+ placements (effective: facebook, instagram, whatsapp, threads)",auto,auto,auto,ZAR0.00,0,0,0,,,,,,,ads_get_ad_entities level=adset time_range 2026-03-10..2026-09-05; captured 2026-09-06 ~10:26-10:45 UTC (12:26-12:45 Africa/Johannesburg)
120248159647740393,ZA_R1_ADVPLUS_BROAD_EXCL_SIGNALS_V2,120248159647460393,ACTIVE,CAMPAIGN_PAUSED,inactive,campaign_off,null,OFFSITE_CONVERSIONS,IMPRESSIONS,Highest volume,ZAR600.00,ZAR600.00,WEBSITE,"{""pixel_id"": ""203047029058550"", ""custom_event_type"": ""PURCHASE"", ""pixel_rule"": null}",1d_view_7d_click,2026-08-21T11:08:37+0200,NOT IN SOURCE (none),2026-08-21T11:08:37+0200,2026-08-21T11:08:54+0200,18-65,"{""0"": 2}",ZA,CN,,"Pastry | Instagram | Engagers | 30 Days, Pastry | Facebook | Page Engagers | 30 Days, Pastry | Purchasers | 180d | REBUILD_20260805","interests:Cosmetics, Personal care, Shopping, Online shopping, Shopping malls, Natural skin care, Skin care | behaviors:Engaged Shoppers","{""advantage_audience"": 1}","Advantage+ placements (effective: facebook, instagram, whatsapp, threads)",auto,auto,auto,ZAR0.00,0,0,0,,,,,,,ads_get_ad_entities level=adset time_range 2026-03-10..2026-09-05; captured 2026-09-06 ~10:26-10:45 UTC (12:26-12:45 Africa/Johannesburg)
120248159157570393,ZA_R1_ADVPLUS_BROAD_EXCL_SIGNALS,120248159155880393,ACTIVE,CAMPAIGN_PAUSED,inactive,campaign_off,null,OFFSITE_CONVERSIONS,IMPRESSIONS,Highest volume,ZAR600.00,ZAR600.00,WEBSITE,"{""pixel_id"": ""203047029058550"", ""custom_event_type"": ""PURCHASE"", ""pixel_rule"": null}",1d_view_7d_click,2026-08-21T10:44:12+0200,NOT IN SOURCE (none),2026-08-21T10:44:12+0200,2026-08-21T10:44:30+0200,18-65,"{""0"": 2}",ZA,CN,,"Pastry | Instagram | Engagers | 30 Days, Pastry | Facebook | Page Engagers | 30 Days, Pastry | Purchasers | 180d | REBUILD_20260805","interests:Cosmetics, Personal care, Shopping, Online shopping, Natural skin care, Skin care | behaviors:Engaged Shoppers","{""advantage_audience"": 1}","Advantage+ placements (effective: facebook, instagram, whatsapp, threads)",auto,auto,auto,ZAR0.00,0,0,0,,,,,,,ads_get_ad_entities level=adset time_range 2026-03-10..2026-09-05; captured 2026-09-06 ~10:26-10:45 UTC (12:26-12:45 Africa/Johannesburg)
120247751713780393,PASTRY_W1_Broad_Creative_Test_5Ads,120247750787550393,ACTIVE,CAMPAIGN_PAUSED,inactive,campaign_off,"{""attribution_windows"": [""7d_click"", ""1d_view""], ""last_sig_edit_ts"": 1785959157}",OFFSITE_CONVERSIONS,IMPRESSIONS,NOT IN SOURCE,NOT IN SOURCE (campaign budget),ZAR0.00,UNDEFINED,"{""pixel_id"": ""203047029058550"", ""custom_event_type"": ""PURCHASE"", ""pixel_rule"": null}",1d_view_7d_click,2026-08-05T19:31:33+0200,NOT IN SOURCE (none),2026-08-05T19:31:33+0200,2026-08-05T21:46:14+0200,18-65,"{""0"": 2}",ZA,CN,,Pastry | Purchasers | 180d | REBUILD_20260805,,"{""advantage_audience"": 1}","Advantage+ placements (effective: facebook, instagram, whatsapp, threads)",auto,auto,auto,"ZAR1,669.74",35483,19940,1.779488,1156,1011,174,62,15,"ZAR12,758.75",ads_get_ad_entities level=adset time_range 2026-03-10..2026-09-05; captured 2026-09-06 ~10:26-10:45 UTC (12:26-12:45 Africa/Johannesburg)
120246229373450393,AS2 test.,120243641897420393,ACTIVE,CAMPAIGN_PAUSED,inactive,campaign_off,"{""attribution_windows"": [""7d_click"", ""1d_view""], ""last_sig_edit_ts"": 1782365006}",OFFSITE_CONVERSIONS,IMPRESSIONS,NOT IN SOURCE,NOT IN SOURCE (campaign budget),ZAR0.00,WEBSITE,"{""pixel_id"": ""203047029058550"", ""custom_event_type"": ""PURCHASE"", ""pixel_rule"": null}",1d_view_7d_click_1d_ev,2026-06-25T07:23:01+0200,NOT IN SOURCE (none),2026-06-25T07:23:00+0200,2026-06-25T07:23:20+0200,18-65,"{""0"": 2}",ZA,CN,"All website visitors 180, WEB-ATC-30d, InitiateCheckout30d, buyers180d, ReturningCustomerPurchase180d, Pastry | Website | All Visitors | 30 Days, Pastry | Website | All Visitors | 90 Days, Pastry | Website | All Visitors | 7 Days, Pastry | Website | Viewed Content | 30 Days, Pastry | Website | Viewed Content | 90 Days, Pastry | Website | Add to Cart | 7 Days, Pastry | Website | Add to Cart | 90 Days, Pastry | Website | Initiated Checkout | 7 Days, Pastry | Website | Initiated Checkout | 90 Days, Pastry | Website | Product Page Viewers | 30 Days, Pastry | Instagram | Engagers | 365 Days, Pastry | Instagram | Engagers | 30 Days, Pastry | Instagram | Engagers | 90 Days, Pastry | Facebook | Page Engagers | 30 Days, Pastry | Facebook | Page Engagers | 90 Days, Pastry | Website | Initiated Checkout | 30 Days, Pastry | Website | Add to Cart | 30 Days, Pastry | Website | All Visitors | 180 Days, People who viewed products/180, People who viewed Shops page180, People who viewed products and navigated to websit, AddToCart / 180, AddToCart / 180, People who saved products 180, website purchase 180, All website visitors 180, AddToCart 180",,"interests:Cosmetics, Shopping, Online shopping, Shopping malls, Skin care | behaviors:Engaged Shoppers","{""advantage_audience"": 1}",instagram,"stream, story, reels, explore_home, profile_feed, ig_search",auto,mobile,"ZAR5,944.07",82108,30363,2.704212,2471,2301,1298,518,164,"ZAR140,253.50",ads_get_ad_entities level=adset time_range 2026-03-10..2026-09-05; captured 2026-09-06 ~10:26-10:45 UTC (12:26-12:45 Africa/Johannesburg)
120245549294630393,Instagram post: The Pastry Premium Body Wash  has...,120245549293410393,ACTIVE,CAMPAIGN_PAUSED,inactive,campaign_off,"{""attribution_windows"": [""1d_click""]}",VISIT_INSTAGRAM_PROFILE,IMPRESSIONS,NOT IN SOURCE,NOT IN SOURCE (campaign budget),ZAR0.00,INSTAGRAM_PROFILE,null,1d_view_7d_click,2026-06-16T06:26:12+0200,2026-06-30T06:26:12+0200,2026-06-16T06:25:44+0200,2026-06-16T06:26:01+0200,18-65,null,ZA,CN,All website visitors 180,,,null,instagram,auto,auto,"mobile, desktop","ZAR2,654.28",59997,11379,5.272607,,139,,,,,ads_get_ad_entities level=adset time_range 2026-03-10..2026-09-05; captured 2026-09-06 ~10:26-10:45 UTC (12:26-12:45 Africa/Johannesburg)
120245548998560393,"Instagram post: She said it best ✨ Lightweight,...",120245548997690393,ACTIVE,CAMPAIGN_PAUSED,inactive,campaign_off,"{""attribution_windows"": [""1d_click""]}",VISIT_INSTAGRAM_PROFILE,IMPRESSIONS,NOT IN SOURCE,NOT IN SOURCE (campaign budget),ZAR0.00,INSTAGRAM_PROFILE,null,1d_view_7d_click,2026-06-16T06:24:38+0200,2026-06-30T06:24:38+0200,2026-06-16T06:24:09+0200,2026-06-16T06:24:27+0200,18-65,"{""0"": 0}",ZA,CN,,,,null,instagram,auto,auto,"mobile, desktop","ZAR2,657.07",62073,47092,1.318122,,366,,,,,ads_get_ad_entities level=adset time_range 2026-03-10..2026-09-05; captured 2026-09-06 ~10:26-10:45 UTC (12:26-12:45 Africa/Johannesburg)
120245548921590393,Instagram post: We are turning 5 this year and we...,120245548921010393,ACTIVE,CAMPAIGN_PAUSED,inactive,campaign_off,"{""attribution_windows"": [""1d_click""]}",VISIT_INSTAGRAM_PROFILE,IMPRESSIONS,NOT IN SOURCE,NOT IN SOURCE (campaign budget),ZAR0.00,INSTAGRAM_PROFILE,null,1d_view_7d_click,2026-06-16T06:23:39+0200,2026-06-30T06:23:39+0200,2026-06-16T06:23:11+0200,2026-06-16T06:23:28+0200,18-65,"{""0"": 0}",ZA,CN,,,,null,instagram,auto,auto,"mobile, desktop","ZAR2,659.39",71339,54060,1.319626,,203,,,,,ads_get_ad_entities level=adset time_range 2026-03-10..2026-09-05; captured 2026-09-06 ~10:26-10:45 UTC (12:26-12:45 Africa/Johannesburg)
120245548840520393,Instagram post: A power ingredient combo that...,120245548839430393,ACTIVE,CAMPAIGN_PAUSED,inactive,campaign_off,"{""attribution_windows"": [""1d_click""]}",VISIT_INSTAGRAM_PROFILE,IMPRESSIONS,NOT IN SOURCE,NOT IN SOURCE (campaign budget),ZAR0.00,INSTAGRAM_PROFILE,null,1d_view_7d_click,2026-06-16T06:22:32+0200,2026-06-30T06:22:32+0200,2026-06-16T06:22:03+0200,2026-06-16T06:22:21+0200,18-65,"{""0"": 0}",ZA,CN,,,,null,instagram,auto,auto,"mobile, desktop","ZAR2,658.38",113866,89586,1.271024,1,386,,,,,ads_get_ad_entities level=adset time_range 2026-03-10..2026-09-05; captured 2026-09-06 ~10:26-10:45 UTC (12:26-12:45 Africa/Johannesburg)
120243915657530393,CT_All_Creatives,120243915657570393,ACTIVE,CAMPAIGN_PAUSED,inactive,campaign_off,null,VALUE,IMPRESSIONS,NOT IN SOURCE,ZAR300.00,ZAR0.00,UNDEFINED,"{""pixel_id"": ""203047029058550"", ""custom_event_type"": ""PURCHASE"", ""pixel_rule"": null}",1d_view_1d_click_1d_ev,2026-06-06T09:37:07+0200,NOT IN SOURCE (none),2026-06-06T09:37:07+0200,2026-06-06T09:37:24+0200,18-65,"{""0"": 2}",ZA,CN,"All website visitors 180, WEB-ATC-30d, InitiateCheckout30d, buyers180d, ReturningCustomerPurchase180d, Pastry | Website | All Visitors | 30 Days, Pastry | Website | All Visitors | 90 Days, Pastry | Website | All Visitors | 7 Days, Pastry | Website | Viewed Content | 30 Days, Pastry | Website | Viewed Content | 90 Days, Pastry | Website | Add to Cart | 7 Days, Pastry | Website | Add to Cart | 90 Days, Pastry | Website | Initiated Checkout | 7 Days, Pastry | Website | Initiated Checkout | 90 Days, Pastry | Website | Product Page Viewers | 30 Days, Pastry | Instagram | Engagers | 365 Days, Pastry | Instagram | Engagers | 30 Days, Pastry | Instagram | Engagers | 90 Days, Pastry | Facebook | Page Engagers | 30 Days, Pastry | Facebook | Page Engagers | 90 Days, Pastry | Website | Initiated Checkout | 30 Days, Pastry | Website | Add to Cart | 30 Days, Pastry | Website | All Visitors | 180 Days, People who viewed products/180, People who viewed Shops page180, People who viewed products and navigated to websit, AddToCart / 180, AddToCart / 180, People who saved products 180, website purchase 180, All website visitors 180, AddToCart 180",,"interests:Cosmetics, Shopping, Online shopping, Shopping malls, Skin care | behaviors:Engaged Shoppers","{""advantage_audience"": 1}","Advantage+ placements (effective: facebook, instagram, audience_network, messenger, threads)",auto,auto,auto,ZAR0.00,0,0,0,,,,,,,ads_get_ad_entities level=adset time_range 2026-03-10..2026-09-05; captured 2026-09-06 ~10:26-10:45 UTC (12:26-12:45 Africa/Johannesburg)
120243641897430393,AS1_Hyperpigmentation,120243641897420393,ACTIVE,CAMPAIGN_PAUSED,inactive,campaign_off,"{""attribution_windows"": [""7d_click"", ""1d_view""], ""last_sig_edit_ts"": 1781845303}",OFFSITE_CONVERSIONS,IMPRESSIONS,NOT IN SOURCE,NOT IN SOURCE (campaign budget),ZAR0.00,WEBSITE,"{""pixel_id"": ""203047029058550"", ""custom_event_type"": ""PURCHASE"", ""pixel_rule"": null}",1d_view_7d_click_1d_ev,2026-05-21T19:32:50+0200,NOT IN SOURCE (none),2026-05-21T19:32:50+0200,2026-06-19T07:01:57+0200,18-65,"{""0"": 2}",ZA,CN,"All website visitors 180, WEB-ATC-30d, InitiateCheckout30d, buyers180d, ReturningCustomerPurchase180d, Pastry | Website | All Visitors | 30 Days, Pastry | Website | All Visitors | 90 Days, Pastry | Website | All Visitors | 7 Days, Pastry | Website | Viewed Content | 30 Days, Pastry | Website | Viewed Content | 90 Days, Pastry | Website | Add to Cart | 7 Days, Pastry | Website | Add to Cart | 90 Days, Pastry | Website | Initiated Checkout | 7 Days, Pastry | Website | Initiated Checkout | 90 Days, Pastry | Website | Product Page Viewers | 30 Days, Pastry | Instagram | Engagers | 365 Days, Pastry | Instagram | Engagers | 30 Days, Pastry | Instagram | Engagers | 90 Days, Pastry | Facebook | Page Engagers | 30 Days, Pastry | Facebook | Page Engagers | 90 Days, Pastry | Website | Initiated Checkout | 30 Days, Pastry | Website | Add to Cart | 30 Days, Pastry | Website | All Visitors | 180 Days, People who viewed products/180, People who viewed Shops page180, People who viewed products and navigated to websit, AddToCart / 180, AddToCart / 180, People who saved products 180, website purchase 180, All website visitors 180, AddToCart 180",,"interests:Cosmetics, Shopping, Online shopping, Shopping malls, Skin care | behaviors:Engaged Shoppers","{""advantage_audience"": 1}",instagram,"stream, story, reels, explore_home, profile_feed, ig_search",auto,mobile,"ZAR34,952.77",666568,158956,4.193412,11080,9083,2823,991,252,"ZAR235,910.25",ads_get_ad_entities level=adset time_range 2026-03-10..2026-09-05; captured 2026-09-06 ~10:26-10:45 UTC (12:26-12:45 Africa/Johannesburg)
120243587895130393,AS1_Hyperpigmentation,120243587895050393,ACTIVE,CAMPAIGN_PAUSED,inactive,campaign_off,null,OFFSITE_CONVERSIONS,IMPRESSIONS,NOT IN SOURCE,NOT IN SOURCE (campaign budget),ZAR0.00,UNDEFINED,"{""pixel_id"": ""203047029058550"", ""custom_event_type"": ""PURCHASE"", ""pixel_rule"": null, ""product_set_id"": ""1689686838523869""}",1d_view_7d_click_1d_ev,2026-06-06T09:37:08+0200,NOT IN SOURCE (none),2026-06-06T09:37:07+0200,2026-06-06T09:37:25+0200,18-65,"{""0"": 2}",ZA,CN,"All website visitors 180, WEB-ATC-30d, InitiateCheckout30d, buyers180d, ReturningCustomerPurchase180d, Pastry | Website | All Visitors | 30 Days, Pastry | Website | All Visitors | 90 Days, Pastry | Website | All Visitors | 7 Days, Pastry | Website | Viewed Content | 30 Days, Pastry | Website | Viewed Content | 90 Days, Pastry | Website | Add to Cart | 7 Days, Pastry | Website | Add to Cart | 90 Days, Pastry | Website | Initiated Checkout | 7 Days, Pastry | Website | Initiated Checkout | 90 Days, Pastry | Website | Product Page Viewers | 30 Days, Pastry | Instagram | Engagers | 365 Days, Pastry | Instagram | Engagers | 30 Days, Pastry | Instagram | Engagers | 90 Days, Pastry | Facebook | Page Engagers | 30 Days, Pastry | Facebook | Page Engagers | 90 Days, Pastry | Website | Initiated Checkout | 30 Days, Pastry | Website | Add to Cart | 30 Days, Pastry | Website | All Visitors | 180 Days, People who viewed products/180, People who viewed Shops page180, People who viewed products and navigated to websit, AddToCart / 180, AddToCart / 180, People who saved products 180, website purchase 180, All website visitors 180, AddToCart 180",,"interests:Cosmetics, Shopping, Online shopping, Shopping malls, Skin care | behaviors:Engaged Shoppers","{""advantage_audience"": 1}","Advantage+ placements (effective: facebook, instagram, audience_network, messenger, threads)",auto,auto,auto,ZAR0.00,0,0,0,,,,,,,ads_get_ad_entities level=adset time_range 2026-03-10..2026-09-05; captured 2026-09-06 ~10:26-10:45 UTC (12:26-12:45 Africa/Johannesburg)
120243587895120393,AS2_Body_Care_Broad,120243587895050393,ACTIVE,CAMPAIGN_PAUSED,inactive,campaign_off,"{""attribution_windows"": [""7d_click"", ""1d_view""], ""last_sig_edit_ts"": 1780731451}",OFFSITE_CONVERSIONS,IMPRESSIONS,NOT IN SOURCE,NOT IN SOURCE (campaign budget),ZAR0.00,UNDEFINED,"{""pixel_id"": ""203047029058550"", ""custom_event_type"": ""PURCHASE"", ""pixel_rule"": null, ""product_set_id"": ""1689686838523869""}",1d_view_7d_click_1d_ev,2026-06-06T09:37:07+0200,NOT IN SOURCE (none),2026-06-06T09:37:07+0200,2026-06-06T09:37:24+0200,18-65,"{""0"": 2}",ZA,CN,"All website visitors 180, WEB-ATC-30d, InitiateCheckout30d, buyers180d, ReturningCustomerPurchase180d, Pastry | Website | All Visitors | 30 Days, Pastry | Website | All Visitors | 90 Days, Pastry | Website | All Visitors | 7 Days, Pastry | Website | Viewed Content | 30 Days, Pastry | Website | Viewed Content | 90 Days, Pastry | Website | Add to Cart | 7 Days, Pastry | Website | Add to Cart | 90 Days, Pastry | Website | Initiated Checkout | 7 Days, Pastry | Website | Initiated Checkout | 90 Days, Pastry | Website | Product Page Viewers | 30 Days, Pastry | Instagram | Engagers | 365 Days, Pastry | Instagram | Engagers | 30 Days, Pastry | Instagram | Engagers | 90 Days, Pastry | Facebook | Page Engagers | 30 Days, Pastry | Facebook | Page Engagers | 90 Days, Pastry | Website | Initiated Checkout | 30 Days, Pastry | Website | Add to Cart | 30 Days, Pastry | Website | All Visitors | 180 Days, People who viewed products/180, People who viewed Shops page180, People who viewed products and navigated to websit, AddToCart / 180, AddToCart / 180, People who saved products 180, website purchase 180, All website visitors 180, AddToCart 180",,"interests:Cosmetics, Shopping, Online shopping, Shopping malls, Skin care | behaviors:Engaged Shoppers","{""advantage_audience"": 1}",instagram,"stream, story, reels, explore_home, profile_feed, ig_search",auto,"mobile, desktop",ZAR0.00,0,0,0,,,,,,,ads_get_ad_entities level=adset time_range 2026-03-10..2026-09-05; captured 2026-09-06 ~10:26-10:45 UTC (12:26-12:45 Africa/Johannesburg)
120242903364070393,AS1_Hyperpigmentation,120242903364050393,ACTIVE,CAMPAIGN_PAUSED,inactive,campaign_off,null,OFFSITE_CONVERSIONS,IMPRESSIONS,NOT IN SOURCE,NOT IN SOURCE (campaign budget),ZAR0.00,UNDEFINED,"{""pixel_id"": ""203047029058550"", ""custom_event_type"": ""PURCHASE"", ""pixel_rule"": null}",1d_view_7d_click_1d_ev,2026-05-11T07:28:04+0200,NOT IN SOURCE (none),2026-05-11T07:28:03+0200,2026-05-21T18:31:08+0200,18-65,"{""0"": 2}",ZA,CN,"All website visitors 180, WEB-ATC-30d, InitiateCheckout30d, buyers180d, ReturningCustomerPurchase180d, Pastry | Website | All Visitors | 30 Days, Pastry | Website | All Visitors | 90 Days, Pastry | Website | All Visitors | 7 Days, Pastry | Website | Viewed Content | 30 Days, Pastry | Website | Viewed Content | 90 Days, Pastry | Website | Add to Cart | 7 Days, Pastry | Website | Add to Cart | 90 Days, Pastry | Website | Initiated Checkout | 7 Days, Pastry | Website | Initiated Checkout | 90 Days, Pastry | Website | Product Page Viewers | 30 Days, Pastry | Instagram | Engagers | 365 Days, Pastry | Instagram | Engagers | 30 Days, Pastry | Instagram | Engagers | 90 Days, Pastry | Facebook | Page Engagers | 30 Days, Pastry | Facebook | Page Engagers | 90 Days, Pastry | Website | Initiated Checkout | 30 Days, Pastry | Website | Add to Cart | 30 Days, Pastry | Website | All Visitors | 180 Days, People who viewed products/180, People who viewed Shops page180, People who viewed products and navigated to websit, AddToCart / 180, AddToCart / 180, People who saved products 180, website purchase 180, All website visitors 180, AddToCart 180",,"interests:Cosmetics, Shopping, Online shopping, Shopping malls, Skin care | behaviors:Engaged Shoppers","{""advantage_audience"": 1}","Advantage+ placements (effective: facebook, instagram, audience_network, messenger, threads)",auto,auto,auto,ZAR0.00,0,0,0,,,,,,,ads_get_ad_entities level=adset time_range 2026-03-10..2026-09-05; captured 2026-09-06 ~10:26-10:45 UTC (12:26-12:45 Africa/Johannesburg)
120242903364040393,AS2_Body_Care_Broad,120242903364050393,ACTIVE,CAMPAIGN_PAUSED,inactive,campaign_off,"{""attribution_windows"": [""7d_click"", ""1d_view""], ""last_sig_edit_ts"": 1779381068}",OFFSITE_CONVERSIONS,IMPRESSIONS,NOT IN SOURCE,NOT IN SOURCE (campaign budget),ZAR0.00,UNDEFINED,"{""pixel_id"": ""203047029058550"", ""custom_event_type"": ""PURCHASE"", ""pixel_rule"": null}",1d_view_7d_click_1d_ev,2026-05-11T07:27:06+0200,NOT IN SOURCE (none),2026-05-11T07:27:06+0200,2026-05-21T18:31:08+0200,18-65,"{""0"": 2}",ZA,CN,"All website visitors 180, WEB-ATC-30d, InitiateCheckout30d, buyers180d, ReturningCustomerPurchase180d, Pastry | Website | All Visitors | 30 Days, Pastry | Website | All Visitors | 90 Days, Pastry | Website | All Visitors | 7 Days, Pastry | Website | Viewed Content | 30 Days, Pastry | Website | Viewed Content | 90 Days, Pastry | Website | Add to Cart | 7 Days, Pastry | Website | Add to Cart | 90 Days, Pastry | Website | Initiated Checkout | 7 Days, Pastry | Website | Initiated Checkout | 90 Days, Pastry | Website | Product Page Viewers | 30 Days, Pastry | Instagram | Engagers | 365 Days, Pastry | Instagram | Engagers | 30 Days, Pastry | Instagram | Engagers | 90 Days, Pastry | Facebook | Page Engagers | 30 Days, Pastry | Facebook | Page Engagers | 90 Days, Pastry | Website | Initiated Checkout | 30 Days, Pastry | Website | Add to Cart | 30 Days, Pastry | Website | All Visitors | 180 Days, People who viewed products/180, People who viewed Shops page180, People who viewed products and navigated to websit, AddToCart / 180, AddToCart / 180, People who saved products 180, website purchase 180, All website visitors 180, AddToCart 180",,"interests:Cosmetics, Shopping, Online shopping, Shopping malls, Skin care | behaviors:Engaged Shoppers","{""advantage_audience"": 1}","Advantage+ placements (effective: facebook, instagram, audience_network, messenger, threads)",auto,auto,auto,ZAR0.00,0,0,0,,,,,,,ads_get_ad_entities level=adset time_range 2026-03-10..2026-09-05; captured 2026-09-06 ~10:26-10:45 UTC (12:26-12:45 Africa/Johannesburg)
120239424940600393,CT_All_Creatives,120239424940590393,ACTIVE,CAMPAIGN_PAUSED,inactive,campaign_off,"{""attribution_windows"": [""7d_click"", ""1d_view""], ""last_sig_edit_ts"": 1780789424}",OFFSITE_CONVERSIONS,IMPRESSIONS,NOT IN SOURCE,NOT IN SOURCE (campaign budget),ZAR0.00,UNDEFINED,"{""pixel_id"": ""203047029058550"", ""custom_event_type"": ""PURCHASE"", ""pixel_rule"": null}",1d_view_7d_click_1d_ev,2026-03-11T13:09:35+0200,NOT IN SOURCE (none),2026-03-11T13:09:35+0200,2026-04-10T09:27:42+0200,18-65,null,ZA,CN,,,,"{""advantage_audience"": 1, ""individual_setting"": {""age"": 1, ""gender"": 1}}","Advantage+ placements (effective: facebook, instagram, audience_network, messenger, threads)",auto,auto,auto,"ZAR4,899.15",139653,43171,3.23488,2487,2188,294,98,70,"ZAR61,988.50",ads_get_ad_entities level=adset time_range 2026-03-10..2026-09-05; captured 2026-09-06 ~10:26-10:45 UTC (12:26-12:45 Africa/Johannesburg)
120239422623010393,AS2_Body_Care_Broad,120239422422250393,ACTIVE,CAMPAIGN_PAUSED,inactive,campaign_off,"{""attribution_windows"": [""7d_click"", ""1d_view""], ""last_sig_edit_ts"": 1785959314}",OFFSITE_CONVERSIONS,IMPRESSIONS,NOT IN SOURCE,NOT IN SOURCE (campaign budget),ZAR0.00,UNDEFINED,"{""pixel_id"": ""203047029058550"", ""custom_event_type"": ""PURCHASE"", ""pixel_rule"": null}",1d_view_7d_click_1d_ev,2026-03-11T13:09:36+0200,NOT IN SOURCE (none),2026-03-11T13:09:35+0200,2026-08-05T21:48:34+0200,18-65,"{""0"": 2}",ZA,CN,"All website visitors 180, WEB-ATC-30d, InitiateCheckout30d, buyers180d, ReturningCustomerPurchase180d, Pastry | Website | All Visitors | 30 Days, Pastry | Website | All Visitors | 90 Days, Pastry | Website | All Visitors | 7 Days, Pastry | Website | Viewed Content | 30 Days, Pastry | Website | Viewed Content | 90 Days, Pastry | Website | Add to Cart | 7 Days, Pastry | Website | Add to Cart | 90 Days, Pastry | Website | Initiated Checkout | 7 Days, Pastry | Website | Initiated Checkout | 90 Days, Pastry | Website | Product Page Viewers | 30 Days, Pastry | Instagram | Engagers | 365 Days, Pastry | Instagram | Engagers | 30 Days, Pastry | Instagram | Engagers | 90 Days, Pastry | Facebook | Page Engagers | 30 Days, Pastry | Facebook | Page Engagers | 90 Days, Pastry | Website | Initiated Checkout | 30 Days, Pastry | Website | Add to Cart | 30 Days, Pastry | Website | All Visitors | 180 Days, People who viewed products/180, People who viewed Shops page180, People who viewed products and navigated to websit, AddToCart / 180, AddToCart / 180, People who saved products 180, website purchase 180, All website visitors 180, AddToCart 180",Pastry | Purchasers | 180d | REBUILD_20260805,"interests:Cosmetics, Shopping, Online shopping, Shopping malls, Skin care | behaviors:Engaged Shoppers","{""advantage_audience"": 1}","Advantage+ placements (effective: facebook, instagram, whatsapp, threads)",auto,auto,auto,"ZAR44,583.50",1158207,203216,5.699389,16592,13081,3292,1387,385,"ZAR340,945.00",ads_get_ad_entities level=adset time_range 2026-03-10..2026-09-05; captured 2026-09-06 ~10:26-10:45 UTC (12:26-12:45 Africa/Johannesburg)
120239422422230393,AS1_Hyperpigmentation,120239422422250393,ACTIVE,CAMPAIGN_PAUSED,error,all_ads_in_error,"{""attribution_windows"": [""7d_click"", ""1d_view""], ""last_sig_edit_ts"": 1785959276}",OFFSITE_CONVERSIONS,IMPRESSIONS,NOT IN SOURCE,NOT IN SOURCE (campaign budget),ZAR0.00,UNDEFINED,"{""pixel_id"": ""203047029058550"", ""custom_event_type"": ""PURCHASE"", ""pixel_rule"": null}",1d_view_7d_click_1d_ev,2026-03-11T13:09:35+0200,NOT IN SOURCE (none),2026-03-11T13:09:35+0200,2026-08-05T21:47:47+0200,18-65,"{""0"": 2}",ZA,CN,"All website visitors 180, WEB-ATC-30d, InitiateCheckout30d, ReturningCustomerPurchase180d, Pastry | Website | All Visitors | 30 Days, Pastry | Website | All Visitors | 90 Days, Pastry | Website | All Visitors | 7 Days, Pastry | Website | Viewed Content | 30 Days, Pastry | Website | Viewed Content | 90 Days, Pastry | Website | Add to Cart | 7 Days, Pastry | Website | Add to Cart | 90 Days, Pastry | Website | Initiated Checkout | 7 Days, Pastry | Website | Initiated Checkout | 90 Days, Pastry | Website | Product Page Viewers | 30 Days, Pastry | Instagram | Engagers | 365 Days, Pastry | Instagram | Engagers | 30 Days, Pastry | Instagram | Engagers | 90 Days, Pastry | Facebook | Page Engagers | 30 Days, Pastry | Facebook | Page Engagers | 90 Days, Pastry | Website | Initiated Checkout | 30 Days, Pastry | Website | Add to Cart | 30 Days, Pastry | Website | All Visitors | 180 Days, People who viewed products/180, People who viewed Shops page180, People who viewed products and navigated to websit, AddToCart / 180, AddToCart / 180, People who saved products 180, website purchase 180, All website visitors 180, AddToCart 180",Pastry | Purchasers | 180d | REBUILD_20260805,"interests:Cosmetics, Shopping, Online shopping, Shopping malls, Skin care | behaviors:Engaged Shoppers","{""advantage_audience"": 1}",instagram,"stream, story, reels, explore_home, profile_feed, ig_search",auto,mobile,"ZAR56,424.44",1534211,287339,5.339376,25953,22546,4844,1725,634,"ZAR563,256.03",ads_get_ad_entities level=adset time_range 2026-03-10..2026-09-05; captured 2026-09-06 ~10:26-10:45 UTC (12:26-12:45 Africa/Johannesburg)
120247751723950393,PASTRY_W6_Broad_Creative_Test_5Ads,120247750787550393,PAUSED,PAUSED,off,off,"{""attribution_windows"": [""7d_click"", ""1d_view""], ""last_sig_edit_ts"": 1785959145}",OFFSITE_CONVERSIONS,IMPRESSIONS,NOT IN SOURCE,NOT IN SOURCE (campaign budget),ZAR0.00,UNDEFINED,"{""pixel_id"": ""203047029058550"", ""custom_event_type"": ""PURCHASE"", ""pixel_rule"": null}",1d_view_7d_click,2026-08-05T19:31:44+0200,NOT IN SOURCE (none),2026-08-05T19:31:44+0200,2026-08-05T21:46:01+0200,18-65,"{""0"": 2}",ZA,,,Pastry | Purchasers | 180d | REBUILD_20260805,,"{""advantage_audience"": 1}","Advantage+ placements (effective: facebook, instagram, audience_network, whatsapp, threads)",auto,auto,auto,ZAR0.00,0,0,0,,,,,,,ads_get_ad_entities level=adset time_range 2026-03-10..2026-09-05; captured 2026-09-06 ~10:26-10:45 UTC (12:26-12:45 Africa/Johannesburg)
120247751722120393,PASTRY_W5_Broad_Creative_Test_5Ads,120247750787550393,PAUSED,PAUSED,off,off,"{""attribution_windows"": [""7d_click"", ""1d_view""], ""last_sig_edit_ts"": 1785959147}",OFFSITE_CONVERSIONS,IMPRESSIONS,NOT IN SOURCE,NOT IN SOURCE (campaign budget),ZAR0.00,UNDEFINED,"{""pixel_id"": ""203047029058550"", ""custom_event_type"": ""PURCHASE"", ""pixel_rule"": null}",1d_view_7d_click,2026-08-05T19:31:42+0200,NOT IN SOURCE (none),2026-08-05T19:31:42+0200,2026-08-05T21:46:04+0200,18-65,"{""0"": 2}",ZA,,,Pastry | Purchasers | 180d | REBUILD_20260805,,"{""advantage_audience"": 1}","Advantage+ placements (effective: facebook, instagram, audience_network, whatsapp, threads)",auto,auto,auto,ZAR0.00,0,0,0,,,,,,,ads_get_ad_entities level=adset time_range 2026-03-10..2026-09-05; captured 2026-09-06 ~10:26-10:45 UTC (12:26-12:45 Africa/Johannesburg)
120247751720360393,PASTRY_W4_Broad_Creative_Test_5Ads,120247750787550393,PAUSED,PAUSED,off,off,"{""attribution_windows"": [""7d_click"", ""1d_view""], ""last_sig_edit_ts"": 1785959149}",OFFSITE_CONVERSIONS,IMPRESSIONS,NOT IN SOURCE,NOT IN SOURCE (campaign budget),ZAR0.00,UNDEFINED,"{""pixel_id"": ""203047029058550"", ""custom_event_type"": ""PURCHASE"", ""pixel_rule"": null}",1d_view_7d_click,2026-08-05T19:31:40+0200,NOT IN SOURCE (none),2026-08-05T19:31:40+0200,2026-08-05T21:46:07+0200,18-65,"{""0"": 2}",ZA,,,Pastry | Purchasers | 180d | REBUILD_20260805,,"{""advantage_audience"": 1}","Advantage+ placements (effective: facebook, instagram, audience_network, whatsapp, threads)",auto,auto,auto,ZAR0.00,0,0,0,,,,,,,ads_get_ad_entities level=adset time_range 2026-03-10..2026-09-05; captured 2026-09-06 ~10:26-10:45 UTC (12:26-12:45 Africa/Johannesburg)
120247751718430393,PASTRY_W3_Broad_Creative_Test_5Ads,120247750787550393,PAUSED,PAUSED,off,off,"{""attribution_windows"": [""7d_click"", ""1d_view""], ""last_sig_edit_ts"": 1785959152}",OFFSITE_CONVERSIONS,IMPRESSIONS,NOT IN SOURCE,NOT IN SOURCE (campaign budget),ZAR0.00,UNDEFINED,"{""pixel_id"": ""203047029058550"", ""custom_event_type"": ""PURCHASE"", ""pixel_rule"": null}",1d_view_7d_click,2026-08-05T19:31:38+0200,NOT IN SOURCE (none),2026-08-05T19:31:38+0200,2026-08-05T21:46:09+0200,18-65,"{""0"": 2}",ZA,,,Pastry | Purchasers | 180d | REBUILD_20260805,,"{""advantage_audience"": 1}","Advantage+ placements (effective: facebook, instagram, audience_network, whatsapp, threads)",auto,auto,auto,ZAR0.00,0,0,0,,,,,,,ads_get_ad_entities level=adset time_range 2026-03-10..2026-09-05; captured 2026-09-06 ~10:26-10:45 UTC (12:26-12:45 Africa/Johannesburg)
120247751716700393,PASTRY_W2_Broad_Creative_Test_5Ads,120247750787550393,PAUSED,PAUSED,off,off,"{""attribution_windows"": [""7d_click"", ""1d_view""], ""last_sig_edit_ts"": 1785959154}",OFFSITE_CONVERSIONS,IMPRESSIONS,NOT IN SOURCE,NOT IN SOURCE (campaign budget),ZAR0.00,UNDEFINED,"{""pixel_id"": ""203047029058550"", ""custom_event_type"": ""PURCHASE"", ""pixel_rule"": null}",1d_view_7d_click,2026-08-05T19:31:35+0200,NOT IN SOURCE (none),2026-08-05T19:31:35+0200,2026-08-05T21:46:11+0200,18-65,"{""0"": 2}",ZA,,,Pastry | Purchasers | 180d | REBUILD_20260805,,"{""advantage_audience"": 1}","Advantage+ placements (effective: facebook, instagram, audience_network, whatsapp, threads)",auto,auto,auto,ZAR0.00,0,0,0,,,,,,,ads_get_ad_entities level=adset time_range 2026-03-10..2026-09-05; captured 2026-09-06 ~10:26-10:45 UTC (12:26-12:45 Africa/Johannesburg)
120247750791720393,ARCHIVE_DO_NOT_USE_PASTRY_Original_43Ads,120247750787550393,PAUSED,PAUSED,off,off,null,OFFSITE_CONVERSIONS,IMPRESSIONS,NOT IN SOURCE,NOT IN SOURCE (campaign budget),ZAR0.00,UNDEFINED,"{""pixel_id"": ""203047029058550"", ""custom_event_type"": ""PURCHASE"", ""pixel_rule"": null}",1d_view_7d_click,2026-08-05T18:40:58+0200,NOT IN SOURCE (none),2026-08-05T18:40:58+0200,2026-08-05T19:31:46+0200,18-65,"{""0"": 2}",ZA,,,,,"{""advantage_audience"": 1}","Advantage+ placements (effective: facebook, instagram, audience_network, whatsapp, threads)",auto,auto,auto,ZAR0.00,0,0,0,,,,,,,ads_get_ad_entities level=adset time_range 2026-03-10..2026-09-05; captured 2026-09-06 ~10:26-10:45 UTC (12:26-12:45 Africa/Johannesburg)
