period,since,until,publisher_platform,platform_position,spend_zar,impressions,reach_nonadditive,outbound_clicks,outbound_ctr_pct,landing_page_views,add_to_cart,initiate_checkout,website_purchases,purchase_value_zar,cpa_zar,roas,purchase_per_lpv,video_plays,thruplays,p100,thruplay_per_play,source
L28,2026-08-09,2026-09-05,facebook,facebook_notification,4.05,56,48,0,0.0,0,0,0,0,0,,,,0,0,0,,"ads_get_ad_entities level=ad_account breakdowns=[publisher_platform,platform_position]; captured 2026-09-06 ~10:26-10:45 UTC (12:26-12:45 Africa/Johannesburg)"
L28,2026-08-09,2026-09-05,facebook,facebook_profile_feed,38.26,1553,1166,14,0.901,12,2,0,0,0,,,0.0,629,40,20,0.064,"ads_get_ad_entities level=ad_account breakdowns=[publisher_platform,platform_position]; captured 2026-09-06 ~10:26-10:45 UTC (12:26-12:45 Africa/Johannesburg)"
L28,2026-08-09,2026-09-05,facebook,facebook_reels,4621.5,90846,27095,2030,2.235,1702,436,168,31,22257.29,149.08,4.82,0.0182,75717,11301,5046,0.149,"ads_get_ad_entities level=ad_account breakdowns=[publisher_platform,platform_position]; captured 2026-09-06 ~10:26-10:45 UTC (12:26-12:45 Africa/Johannesburg)"
L28,2026-08-09,2026-09-05,facebook,facebook_reels_overlay,130.36,7192,2908,86,1.196,65,33,12,4,2955.75,32.59,22.67,0.0615,13,4,2,0.308,"ads_get_ad_entities level=ad_account breakdowns=[publisher_platform,platform_position]; captured 2026-09-06 ~10:26-10:45 UTC (12:26-12:45 Africa/Johannesburg)"
L28,2026-08-09,2026-09-05,facebook,facebook_stories,599.86,7527,3971,243,3.228,194,48,32,12,11124.75,49.99,18.55,0.0619,5824,789,396,0.135,"ads_get_ad_entities level=ad_account breakdowns=[publisher_platform,platform_position]; captured 2026-09-06 ~10:26-10:45 UTC (12:26-12:45 Africa/Johannesburg)"
L28,2026-08-09,2026-09-05,facebook,feed,15434.05,415282,72557,9742,2.346,8857,1573,765,187,161220.5,82.54,10.45,0.0211,172736,17424,8633,0.101,"ads_get_ad_entities level=ad_account breakdowns=[publisher_platform,platform_position]; captured 2026-09-06 ~10:26-10:45 UTC (12:26-12:45 Africa/Johannesburg)"
L28,2026-08-09,2026-09-05,facebook,instream_video,310.94,4069,1782,130,3.195,95,15,8,2,1998.0,155.47,6.43,0.0211,3684,1369,264,0.372,"ads_get_ad_entities level=ad_account breakdowns=[publisher_platform,platform_position]; captured 2026-09-06 ~10:26-10:45 UTC (12:26-12:45 Africa/Johannesburg)"
L28,2026-08-09,2026-09-05,facebook,search,89.13,1817,1593,63,3.467,52,13,3,0,0,,,0.0,646,26,8,0.04,"ads_get_ad_entities level=ad_account breakdowns=[publisher_platform,platform_position]; captured 2026-09-06 ~10:26-10:45 UTC (12:26-12:45 Africa/Johannesburg)"
L28,2026-08-09,2026-09-05,instagram,feed,13946.88,213330,49699,4958,2.324,4859,1522,661,183,162206.36,76.21,11.63,0.0377,68783,9852,5134,0.143,"ads_get_ad_entities level=ad_account breakdowns=[publisher_platform,platform_position]; captured 2026-09-06 ~10:26-10:45 UTC (12:26-12:45 Africa/Johannesburg)"
L28,2026-08-09,2026-09-05,instagram,instagram_explore_grid_home,106.81,11090,7192,44,0.397,41,31,14,4,2842.5,26.7,26.61,0.0976,967,126,60,0.13,"ads_get_ad_entities level=ad_account breakdowns=[publisher_platform,platform_position]; captured 2026-09-06 ~10:26-10:45 UTC (12:26-12:45 Africa/Johannesburg)"
L28,2026-08-09,2026-09-05,instagram,instagram_reels,4123.25,66936,31086,1699,2.538,1443,388,178,43,31629.94,95.89,7.67,0.0298,44406,5656,2159,0.127,"ads_get_ad_entities level=ad_account breakdowns=[publisher_platform,platform_position]; captured 2026-09-06 ~10:26-10:45 UTC (12:26-12:45 Africa/Johannesburg)"
L28,2026-08-09,2026-09-05,instagram,instagram_search,3.82,147,146,1,0.68,0,1,0,0,0,,,,0,0,0,,"ads_get_ad_entities level=ad_account breakdowns=[publisher_platform,platform_position]; captured 2026-09-06 ~10:26-10:45 UTC (12:26-12:45 Africa/Johannesburg)"
L28,2026-08-09,2026-09-05,instagram,instagram_stories,6433.54,116741,29801,3540,3.032,3314,768,335,90,71187.67,71.48,11.07,0.0272,30821,3326,1686,0.108,"ads_get_ad_entities level=ad_account breakdowns=[publisher_platform,platform_position]; captured 2026-09-06 ~10:26-10:45 UTC (12:26-12:45 Africa/Johannesburg)"
L28,2026-08-09,2026-09-05,threads,threads_feed,87.06,3446,1867,107,3.105,77,2,3,0,0,,,0.0,760,139,64,0.183,"ads_get_ad_entities level=ad_account breakdowns=[publisher_platform,platform_position]; captured 2026-09-06 ~10:26-10:45 UTC (12:26-12:45 Africa/Johannesburg)"
L28,2026-08-09,2026-09-05,unknown,unknown,0,0,0,0,,26,1,1,0,0,,,0.0,71,10,2,0.141,"ads_get_ad_entities level=ad_account breakdowns=[publisher_platform,platform_position]; captured 2026-09-06 ~10:26-10:45 UTC (12:26-12:45 Africa/Johannesburg)"
L28,2026-08-09,2026-09-05,whatsapp,status,1124.9,71677,33964,1232,1.719,742,156,69,12,8468.5,93.74,7.53,0.0162,69444,7875,5732,0.113,"ads_get_ad_entities level=ad_account breakdowns=[publisher_platform,platform_position]; captured 2026-09-06 ~10:26-10:45 UTC (12:26-12:45 Africa/Johannesburg)"
L90,2026-06-08,2026-09-05,audience_network,an_classic,46.0,502,109,76,15.139,29,2,2,0,0,,,0.0,398,42,13,0.106,"ads_get_ad_entities level=ad_account breakdowns=[publisher_platform,platform_position]; captured 2026-09-06 ~10:26-10:45 UTC (12:26-12:45 Africa/Johannesburg)"
L90,2026-06-08,2026-09-05,audience_network,rewarded_video,99.51,528,115,192,36.364,84,2,2,0,0,,,0.0,440,425,87,0.966,"ads_get_ad_entities level=ad_account breakdowns=[publisher_platform,platform_position]; captured 2026-09-06 ~10:26-10:45 UTC (12:26-12:45 Africa/Johannesburg)"
L90,2026-06-08,2026-09-05,facebook,facebook_notification,44.81,863,506,13,1.506,11,1,0,1,269.5,44.81,6.01,0.0909,0,0,0,,"ads_get_ad_entities level=ad_account breakdowns=[publisher_platform,platform_position]; captured 2026-09-06 ~10:26-10:45 UTC (12:26-12:45 Africa/Johannesburg)"
L90,2026-06-08,2026-09-05,facebook,facebook_profile_feed,114.33,5120,3071,33,0.645,30,14,4,1,1310.0,114.33,11.46,0.0333,1491,60,32,0.04,"ads_get_ad_entities level=ad_account breakdowns=[publisher_platform,platform_position]; captured 2026-09-06 ~10:26-10:45 UTC (12:26-12:45 Africa/Johannesburg)"
L90,2026-06-08,2026-09-05,facebook,facebook_reels,9394.97,209215,49385,3961,1.893,3161,883,345,79,70662.54,118.92,7.52,0.025,157612,19813,8208,0.126,"ads_get_ad_entities level=ad_account breakdowns=[publisher_platform,platform_position]; captured 2026-09-06 ~10:26-10:45 UTC (12:26-12:45 Africa/Johannesburg)"
L90,2026-06-08,2026-09-05,facebook,facebook_reels_overlay,552.94,32873,8336,317,0.964,204,92,49,13,9373.25,42.53,16.95,0.0637,79,5,2,0.063,"ads_get_ad_entities level=ad_account breakdowns=[publisher_platform,platform_position]; captured 2026-09-06 ~10:26-10:45 UTC (12:26-12:45 Africa/Johannesburg)"
L90,2026-06-08,2026-09-05,facebook,facebook_stories,1735.83,23459,8931,612,2.609,430,120,67,18,18239.5,96.44,10.51,0.0419,15977,1580,568,0.099,"ads_get_ad_entities level=ad_account breakdowns=[publisher_platform,platform_position]; captured 2026-09-06 ~10:26-10:45 UTC (12:26-12:45 Africa/Johannesburg)"
L90,2026-06-08,2026-09-05,facebook,feed,52847.07,1431613,159234,26319,1.838,22103,4661,2220,529,442753.12,99.9,8.38,0.0239,708936,46782,18769,0.066,"ads_get_ad_entities level=ad_account breakdowns=[publisher_platform,platform_position]; captured 2026-09-06 ~10:26-10:45 UTC (12:26-12:45 Africa/Johannesburg)"
L90,2026-06-08,2026-09-05,facebook,instream_video,940.54,18740,5617,402,2.145,276,51,28,10,9653.75,94.05,10.26,0.0362,12255,4093,436,0.334,"ads_get_ad_entities level=ad_account breakdowns=[publisher_platform,platform_position]; captured 2026-09-06 ~10:26-10:45 UTC (12:26-12:45 Africa/Johannesburg)"
L90,2026-06-08,2026-09-05,facebook,marketplace,35.08,1919,810,18,0.938,9,0,1,1,217.5,35.08,6.2,0.1111,875,97,32,0.111,"ads_get_ad_entities level=ad_account breakdowns=[publisher_platform,platform_position]; captured 2026-09-06 ~10:26-10:45 UTC (12:26-12:45 Africa/Johannesburg)"
L90,2026-06-08,2026-09-05,facebook,right_hand_column,0.56,55,21,0,0.0,0,0,0,0,0,,,,0,0,0,,"ads_get_ad_entities level=ad_account breakdowns=[publisher_platform,platform_position]; captured 2026-09-06 ~10:26-10:45 UTC (12:26-12:45 Africa/Johannesburg)"
L90,2026-06-08,2026-09-05,facebook,search,322.32,7033,5632,198,2.815,142,38,18,4,2956.75,80.58,9.17,0.0282,1933,80,27,0.041,"ads_get_ad_entities level=ad_account breakdowns=[publisher_platform,platform_position]; captured 2026-09-06 ~10:26-10:45 UTC (12:26-12:45 Africa/Johannesburg)"
L90,2026-06-08,2026-09-05,instagram,feed,69221.12,1099900,193388,17423,1.584,17011,6678,2880,817,716222.93,84.73,10.35,0.048,439523,50460,23167,0.115,"ads_get_ad_entities level=ad_account breakdowns=[publisher_platform,platform_position]; captured 2026-09-06 ~10:26-10:45 UTC (12:26-12:45 Africa/Johannesburg)"
L90,2026-06-08,2026-09-05,instagram,instagram_explore_grid_home,387.6,43092,23579,139,0.323,105,100,42,11,6842.75,35.24,17.65,0.1048,8171,972,327,0.119,"ads_get_ad_entities level=ad_account breakdowns=[publisher_platform,platform_position]; captured 2026-09-06 ~10:26-10:45 UTC (12:26-12:45 Africa/Johannesburg)"
L90,2026-06-08,2026-09-05,instagram,instagram_reels,20270.4,433988,147258,6650,1.532,6056,1883,735,191,159892.14,106.13,7.89,0.0315,302720,31287,11690,0.103,"ads_get_ad_entities level=ad_account breakdowns=[publisher_platform,platform_position]; captured 2026-09-06 ~10:26-10:45 UTC (12:26-12:45 Africa/Johannesburg)"
L90,2026-06-08,2026-09-05,instagram,instagram_search,7.94,448,441,5,1.116,2,1,0,0,0,,,0.0,0,0,0,,"ads_get_ad_entities level=ad_account breakdowns=[publisher_platform,platform_position]; captured 2026-09-06 ~10:26-10:45 UTC (12:26-12:45 Africa/Johannesburg)"
L90,2026-06-08,2026-09-05,instagram,instagram_stories,35186.25,658931,96103,15798,2.398,14038,3569,1531,396,331685.32,88.85,9.43,0.0282,195684,16070,7812,0.082,"ads_get_ad_entities level=ad_account breakdowns=[publisher_platform,platform_position]; captured 2026-09-06 ~10:26-10:45 UTC (12:26-12:45 Africa/Johannesburg)"
L90,2026-06-08,2026-09-05,threads,threads_feed,258.48,10858,4557,273,2.514,206,37,12,2,1844.47,129.24,7.14,0.0097,983,183,78,0.186,"ads_get_ad_entities level=ad_account breakdowns=[publisher_platform,platform_position]; captured 2026-09-06 ~10:26-10:45 UTC (12:26-12:45 Africa/Johannesburg)"
L90,2026-06-08,2026-09-05,unknown,unknown,0,0,0,0,,53,5,3,0,0,,,0.0,75,11,2,0.147,"ads_get_ad_entities level=ad_account breakdowns=[publisher_platform,platform_position]; captured 2026-09-06 ~10:26-10:45 UTC (12:26-12:45 Africa/Johannesburg)"
L90,2026-06-08,2026-09-05,whatsapp,status,1124.92,71677,33964,1232,1.719,742,156,69,12,8468.5,93.74,7.53,0.0162,69444,7875,5732,0.113,"ads_get_ad_entities level=ad_account breakdowns=[publisher_platform,platform_position]; captured 2026-09-06 ~10:26-10:45 UTC (12:26-12:45 Africa/Johannesburg)"
