creative_id,asset_type,video_id,page_post_id,instagram_media_id,permalink,publication_time,duration_s,concept,verified_product,caption_excerpt,cta,evidence_coverage,organic_results,source
1006687488994923,NOT IN SOURCE,NOT IN SOURCE,NOT IN SOURCE,18327470974255215,NOT VERIFIED (instagram.com/facebook.com blocked by egress policy; IG account not exposed to connector),NOT IN SOURCE (only ad/creative creation dates available),NOT IN SOURCE,Anti-Pigment Hand Cream SPF30 testimonial (post variant),Anti-Pigment Hand Cream SPF30 75ml,"She said it best ✨ Lightweight, nourishing, packed with Niacinamide + SPF 30 protection and a lovely fragrance 🖐🏽 Our Anti-Pigment Hand Cream is a must-have.  #",NOT IN SOURCE,paid metrics (ad level) only; video NOT WATCHED,NOT ACCESSIBLE (no Instagram professional account exposed to connector),ads_get_creatives; captured 2026-09-06 10:26-10:45 UTC
1011306704837234,VIDEO,1672595620672869,116534118031737_1672595620672869,18109298293942058,NOT VERIFIED (instagram.com/facebook.com blocked by egress policy; IG account not exposed to connector),NOT IN SOURCE (only ad/creative creation dates available),NOT IN SOURCE,Birthday celebration teaser,Range,Looks like there’s a Pastry Skincare Birthday Celebration happening soon - we’ve spotted some hints 🤭👀💚 Can you guess what we’re announcing next?   #fyp #pastry,SHOP_NOW,paid metrics (ad level) only; video NOT WATCHED,NOT ACCESSIBLE (no Instagram professional account exposed to connector),ads_get_creatives; captured 2026-09-06 10:26-10:45 UTC
1014884021106011,VIDEO,1921319731776573,116534118031737_1921319731776573,18104764099783085,NOT VERIFIED (instagram.com/facebook.com blocked by egress policy; IG account not exposed to connector),NOT IN SOURCE (only ad/creative creation dates available),NOT IN SOURCE,"POV: long weekend, family and your Pastry",Range,POV: It’s the long weekend and you’re making sure your family knows you don’t play around with your Pastry Skincare 🤭 Tag someone below to let them know how str,SHOP_NOW,paid metrics (ad level) only; video NOT WATCHED,NOT ACCESSIBLE (no Instagram professional account exposed to connector),ads_get_creatives; captured 2026-09-06 10:26-10:45 UTC
1016327727870773,VIDEO,997715983092345,116534118031737_997715983092345,18124521952640426,NOT VERIFIED (instagram.com/facebook.com blocked by egress policy; IG account not exposed to connector),NOT IN SOURCE (only ad/creative creation dates available),NOT IN SOURCE,5 years of Pastry Skincare (is it cake) original,Range,"🎂 5 years of Pastry Skincare and we’re still keeping you guessing… 👀  Is it lotion? 🤔 Is it cake? 🎂  As we celebrate this incredible milestone, we want to thank",SHOP_NOW,paid metrics (ad level) only; video NOT WATCHED,NOT ACCESSIBLE (no Instagram professional account exposed to connector),ads_get_creatives; captured 2026-09-06 10:26-10:45 UTC
1019293427658617,VIDEO,1050103224432053,116534118031737_1034012329622196,18068169923707846,NOT VERIFIED (instagram.com/facebook.com blocked by egress policy; IG account not exposed to connector),NOT IN SOURCE (only ad/creative creation dates available),NOT IN SOURCE,Deodorant 1-month review (before/after),Anti Pigmentation Deodorant,"1-month review ✨ After consistent use of the Pastry Skincare Anti-Pigmentation Deodorant, formulated with Niacinamide and Salicylic Acid, she’s seeing visibly b",SHOP_NOW,paid metrics (ad level) only; video NOT WATCHED,NOT ACCESSIBLE (no Instagram professional account exposed to connector),ads_get_creatives; captured 2026-09-06 10:26-10:45 UTC
1036641345651931,VIDEO,1356857919885627,116534118031737_1034007622956000,18409947541159460,NOT VERIFIED (instagram.com/facebook.com blocked by egress policy; IG account not exposed to connector),NOT IN SOURCE (only ad/creative creation dates available),NOT IN SOURCE,Six-week customer journey,Range,"6 weeks of consistency and my skin is thanking me. ✨   Fewer breakouts, smoother skin and my pigmentation is slowly fading. Trust the process because healthy sk",SHOP_NOW,paid metrics (ad level) only; video NOT WATCHED,NOT ACCESSIBLE (no Instagram professional account exposed to connector),ads_get_creatives; captured 2026-09-06 10:26-10:45 UTC
1042744574782765,VIDEO,1362739972731938,116534118031737_1034012112955551,18025301141894839,NOT VERIFIED (instagram.com/facebook.com blocked by egress policy; IG account not exposed to connector),NOT IN SOURCE (only ad/creative creation dates available),NOT IN SOURCE,NOT IN SOURCE (caption only),NOT VERIFIED,"Here’s how to do an at home bikini line treatment to reduce the appearance of pigmentation, ingrowns and blemishes. ✨💚 This 3 step exfoliating routine helps bri",SHOP_NOW,paid metrics (ad level) only; video NOT WATCHED,NOT ACCESSIBLE (no Instagram professional account exposed to connector),ads_get_creatives; captured 2026-09-06 10:26-10:45 UTC
1048949520952779,VIDEO,1914320649954655,116534118031737_1033977042959058,18186499423401828,NOT VERIFIED (instagram.com/facebook.com blocked by egress policy; IG account not exposed to connector),NOT IN SOURCE (only ad/creative creation dates available),NOT IN SOURCE,Body pigmentation by area,Range,"Body pigmentation doesn’t look the same everywhere and neither should your routine. ✨ Here’s what to use for underarms, inner thighs, stretch marks, knees, elbo",SHOP_NOW,paid metrics (ad level) only; video NOT WATCHED,NOT ACCESSIBLE (no Instagram professional account exposed to connector),ads_get_creatives; captured 2026-09-06 10:26-10:45 UTC
1052941484078554,VIDEO,1689150382402402,116534118031737_1689150382402402,18080572940228591,NOT VERIFIED (instagram.com/facebook.com blocked by egress policy; IG account not exposed to connector),NOT IN SOURCE (only ad/creative creation dates available),NOT IN SOURCE,A trip for stretch marks (May post),Stretch marks routine,,NOT IN SOURCE,paid metrics (ad level) only; video NOT WATCHED,NOT ACCESSIBLE (no Instagram professional account exposed to connector),ads_get_creatives; captured 2026-09-06 10:26-10:45 UTC
1062475416522925,VIDEO,1516950890188090,116534118031737_1053775834312512,17943382473449613,NOT VERIFIED (instagram.com/facebook.com blocked by egress policy; IG account not exposed to connector),NOT IN SOURCE (only ad/creative creation dates available),NOT IN SOURCE,NOT IN SOURCE (caption only),NOT VERIFIED,Build a simple daily hand-care routine with Pastry Skincare. Shop online at pastryskincare.co.za. DHL Express international delivery is available. Delivery fees,SHOP_NOW,paid metrics (ad level) only; video NOT WATCHED,NOT ACCESSIBLE (no Instagram professional account exposed to connector),ads_get_creatives; captured 2026-09-06 10:26-10:45 UTC
1069211098994928,VIDEO,1354177509656817,116534118031737_1034009536289142,17979766230098990,NOT VERIFIED (instagram.com/facebook.com blocked by egress policy; IG account not exposed to connector),NOT IN SOURCE (only ad/creative creation dates available),NOT IN SOURCE,NOT IN SOURCE (caption only),NOT VERIFIED,"Dry, rough hands? This is your sign to upgrade your hand care routine ✨The Pastry Skincare Hyaluronic Acid Hand Cream is formulated with Hyaluronic Acid, Shea B",SHOP_NOW,paid metrics (ad level) only; video NOT WATCHED,NOT ACCESSIBLE (no Instagram professional account exposed to connector),ads_get_creatives; captured 2026-09-06 10:26-10:45 UTC
1078726171766785,VIDEO,2555843638218482,116534118031737_1033977636292332,18362479630212526,NOT VERIFIED (instagram.com/facebook.com blocked by egress policy; IG account not exposed to connector),NOT IN SOURCE (only ad/creative creation dates available),NOT IN SOURCE,Inner-thigh pigmentation routine (Glycolic wash + Niacinamide lotion),Glycolic Acid Body Wash + Niacinamide Body Lotion,Say goodbye to stubborn pigmentation on your inner thighs when you add these products to the Glycolic Acid Body Wash and Niacinamide Body Lotion combo 💫💚 Shop P,SHOP_NOW,paid metrics (ad level) + static preview frame,NOT ACCESSIBLE (no Instagram professional account exposed to connector),ads_get_creatives; captured 2026-09-06 10:26-10:45 UTC
1105133075290115,VIDEO,1376924207957298,116534118031737_1033971109626318,18348472762247625,NOT VERIFIED (instagram.com/facebook.com blocked by egress policy; IG account not exposed to connector),NOT IN SOURCE (only ad/creative creation dates available),NOT IN SOURCE,Underarm pigmentation and sweat hack,Anti Pigmentation Deodorant 50ml,Dark underarms but you sweat a lot? There’s a way to target both with this hack with the Anti-pigmentation deodorant ✨  🛍️ Shop online or in store @beautyontapp,SHOP_NOW,paid metrics (ad level) + static preview frame,NOT ACCESSIBLE (no Instagram professional account exposed to connector),ads_get_creatives; captured 2026-09-06 10:26-10:45 UTC
1256482663222241,VIDEO,1036536699259074,116534118031737_1053776134312482,18108041942171730,NOT VERIFIED (instagram.com/facebook.com blocked by egress policy; IG account not exposed to connector),NOT IN SOURCE (only ad/creative creation dates available),NOT IN SOURCE,NOT IN SOURCE (caption only),NOT VERIFIED,Explore Pastry Skincare Anti-Pigmentation Deodorant. Shop online at pastryskincare.co.za. DHL Express international delivery is available. Delivery fees are cal,SHOP_NOW,paid metrics (ad level) + static preview frame,NOT ACCESSIBLE (no Instagram professional account exposed to connector),ads_get_creatives; captured 2026-09-06 10:26-10:45 UTC
1297965305546009,VIDEO,1250369430507064,116534118031737_1034009292955833,18087857618645491,NOT VERIFIED (instagram.com/facebook.com blocked by egress policy; IG account not exposed to connector),NOT IN SOURCE (only ad/creative creation dates available),NOT IN SOURCE,NOT IN SOURCE (caption only),NOT VERIFIED,"Picking at those bumps won’t make them go away. Focus on ingredients that help smooth and support the skin instead — likeSalicylic acid, Niacinamide, and target",SHOP_NOW,paid metrics (ad level) only; video NOT WATCHED,NOT ACCESSIBLE (no Instagram professional account exposed to connector),ads_get_creatives; captured 2026-09-06 10:26-10:45 UTC
1381536034157626,VIDEO,1503052235196929,116534118031737_1034010426289053,18114829018731601,NOT VERIFIED (instagram.com/facebook.com blocked by egress policy; IG account not exposed to connector),NOT IN SOURCE (only ad/creative creation dates available),NOT IN SOURCE,NOT IN SOURCE (caption only),NOT VERIFIED,"She said it best ✨ Lightweight, nourishing, packed with Niacinamide + SPF 30 protection and a lovely fragrance 🖐🏽 Our Anti-Pigment Hand Cream is a must-have.  #",SHOP_NOW,paid metrics (ad level) only; video NOT WATCHED,NOT ACCESSIBLE (no Instagram professional account exposed to connector),ads_get_creatives; captured 2026-09-06 10:26-10:45 UTC
1389786629919253,VIDEO,1937680153565157,116534118031737_1034007999622629,17948069391039064,NOT VERIFIED (instagram.com/facebook.com blocked by egress policy; IG account not exposed to connector),NOT IN SOURCE (only ad/creative creation dates available),NOT IN SOURCE,Premium body wash FAQ with esthetician,Mandelic Acid Body Wash,Your questions about our new premium body wash answered by an esthetician ✨ from who it’s for and the skin concerns it targets. Here’s everything you need to kn,SHOP_NOW,paid metrics (ad level) only; video NOT WATCHED,NOT ACCESSIBLE (no Instagram professional account exposed to connector),ads_get_creatives; captured 2026-09-06 10:26-10:45 UTC
1437229525106020,VIDEO,1043316661542279,116534118031737_1043316661542279,17929594761095845,NOT VERIFIED (instagram.com/facebook.com blocked by egress policy; IG account not exposed to connector),NOT IN SOURCE (only ad/creative creation dates available),NOT IN SOURCE,Premium Body Wash landed in store @beautyontapp first impressions,Mandelic Acid Body Wash (Pastry Premium),The Pastry Premium Body Wash  has officially landed in store @beautyontapp ✨ so we had to go instore and get some first impressions. From the Blackcurrant cordi,VIEW_INSTAGRAM_PROFILE,paid metrics (ad level) only; video NOT WATCHED,NOT ACCESSIBLE (no Instagram professional account exposed to connector),ads_get_creatives; captured 2026-09-06 10:26-10:45 UTC
1451951969918331,SHARE,NOT IN SOURCE,116534118031737_909121048777992,17982298493806433,NOT VERIFIED (instagram.com/facebook.com blocked by egress policy; IG account not exposed to connector),NOT IN SOURCE (only ad/creative creation dates available),NOT IN SOURCE,NOT IN SOURCE (caption only),NOT VERIFIED,,LEARN_MORE,paid metrics (ad level) only; video NOT WATCHED,NOT ACCESSIBLE (no Instagram professional account exposed to connector),ads_get_creatives; captured 2026-09-06 10:26-10:45 UTC
1483521409561432,VIDEO,1529064368707257,116534118031737_1529064368707257,NOT IN SOURCE,NOT VERIFIED (instagram.com/facebook.com blocked by egress policy; IG account not exposed to connector),NOT IN SOURCE (only ad/creative creation dates available),NOT IN SOURCE,NOT IN SOURCE (caption only),NOT VERIFIED,,NOT IN SOURCE,paid metrics (ad level) only; video NOT WATCHED,NOT ACCESSIBLE (no Instagram professional account exposed to connector),ads_get_creatives; captured 2026-09-06 10:26-10:45 UTC
1487817019559391,VIDEO,25861228210220968,116534118031737_25861228210220968,18088093730346995,NOT VERIFIED (instagram.com/facebook.com blocked by egress policy; IG account not exposed to connector),NOT IN SOURCE (only ad/creative creation dates available),NOT IN SOURCE,Salicylic Acid + Vitamin C original post (customer review),Salicylic Acid Body Wash + Vitamin C Body Cream,"Salicylic Acid + Vitamin C = your go-to duo for clearer, brighter skin ✨🍊  This powerful combination helps exfoliate, unclog pores, and visibly fade blemishes a",SHOP_NOW,paid metrics (ad level) only; video NOT WATCHED,NOT ACCESSIBLE (no Instagram professional account exposed to connector),ads_get_creatives; captured 2026-09-06 10:26-10:45 UTC
1509938747279557,SHARE,NOT IN SOURCE,116534118031737_982042001485896,NOT IN SOURCE,NOT VERIFIED (instagram.com/facebook.com blocked by egress policy; IG account not exposed to connector),NOT IN SOURCE (only ad/creative creation dates available),NOT IN SOURCE,NOT IN SOURCE (caption only),NOT VERIFIED,,SHOP_NOW,paid metrics (ad level) only; video NOT WATCHED,NOT ACCESSIBLE (no Instagram professional account exposed to connector),ads_get_creatives; captured 2026-09-06 10:26-10:45 UTC
1518404276410484,VIDEO,1718417109178336,116534118031737_1718417109178336,18098153824905713,NOT VERIFIED (instagram.com/facebook.com blocked by egress policy; IG account not exposed to connector),NOT IN SOURCE (only ad/creative creation dates available),NOT IN SOURCE,Power ingredient combo for dark underarms (boost),Anti Pigmentation Deodorant,A power ingredient combo that works overtime to help brighten dark underarms 😍   Shop our range and lots more on our website or at any @beautyontapp store 🛒🩷 #s,VIEW_INSTAGRAM_PROFILE,paid metrics (ad level) only; video NOT WATCHED,NOT ACCESSIBLE (no Instagram professional account exposed to connector),ads_get_creatives; captured 2026-09-06 10:26-10:45 UTC
1533675107938826,VIDEO,1645984360460973,116534118031737_1034009092955853,18057307034782080,NOT VERIFIED (instagram.com/facebook.com blocked by egress policy; IG account not exposed to connector),NOT IN SOURCE (only ad/creative creation dates available),NOT IN SOURCE,NOT IN SOURCE (caption only),NOT VERIFIED,These products work better when you use them pair them correctly and sometimes it’s about how you apply them ✨  🛍️Shop online or instore @beautyontapp   #pastry,SHOP_NOW,paid metrics (ad level) only; video NOT WATCHED,NOT ACCESSIBLE (no Instagram professional account exposed to connector),ads_get_creatives; captured 2026-09-06 10:26-10:45 UTC
1535307781176899,VIDEO,1434837162027961,116534118031737_1053776374312458,18107225423144345,NOT VERIFIED (instagram.com/facebook.com blocked by egress policy; IG account not exposed to connector),NOT IN SOURCE (only ad/creative creation dates available),NOT IN SOURCE,NOT IN SOURCE (caption only),NOT VERIFIED,Build a brightening body-care reset with Pastry Skincare. Shop online at pastryskincare.co.za. DHL Express international delivery is available. Delivery fees ar,SHOP_NOW,paid metrics (ad level) only; video NOT WATCHED,NOT ACCESSIBLE (no Instagram professional account exposed to connector),ads_get_creatives; captured 2026-09-06 10:26-10:45 UTC
1542319103969645,VIDEO,999896326092090,116534118031737_999896326092090,17892363399551598,NOT VERIFIED (instagram.com/facebook.com blocked by egress policy; IG account not exposed to connector),NOT IN SOURCE (only ad/creative creation dates available),NOT IN SOURCE,"Anti-Pigment Hand Cream SPF30 testimonial (""hand cream everyone needs"")",Anti-Pigment Hand Cream SPF30 75ml (catalogue: OUT OF STOCK 2026-09-06),,NOT IN SOURCE,paid metrics (ad level) + static preview frame,NOT ACCESSIBLE (no Instagram professional account exposed to connector),ads_get_creatives; captured 2026-09-06 10:26-10:45 UTC
1583181246838108,VIDEO,1587207956355921,116534118031737_1041827215507374,18007465448764457,NOT VERIFIED (instagram.com/facebook.com blocked by egress policy; IG account not exposed to connector),NOT IN SOURCE (only ad/creative creation dates available),NOT IN SOURCE,3-step dry-brushing routine for body hyperpigmentation (challenger recut),Hyperpigmentation collection,"A simple 3-step dry-brushing routine to support smoother, more even-looking skin. Shop Pastry's hyperpigmentation collection below. 💚",SHOP_NOW,paid metrics (ad level) + static preview frame,NOT ACCESSIBLE (no Instagram professional account exposed to connector),ads_get_creatives; captured 2026-09-06 10:26-10:45 UTC
1583817143389284,VIDEO,885855224329058,116534118031737_1041827195507376,18111724246804433,NOT VERIFIED (instagram.com/facebook.com blocked by egress policy; IG account not exposed to connector),NOT IN SOURCE (only ad/creative creation dates available),NOT IN SOURCE,Stretch-mark routine (challenger recut),Stretch-mark collection,"A simple, consistent routine for the appearance of stretch marks—during pregnancy, postpartum or anytime. Shop Pastry's stretch-mark collection below. ✨",SHOP_NOW,paid metrics (ad level) + static preview frame,NOT ACCESSIBLE (no Instagram professional account exposed to connector),ads_get_creatives; captured 2026-09-06 10:26-10:45 UTC
1630677048061128,SHARE,NOT IN SOURCE,116534118031737_909121352111295,18100256381023152,NOT VERIFIED (instagram.com/facebook.com blocked by egress policy; IG account not exposed to connector),NOT IN SOURCE (only ad/creative creation dates available),NOT IN SOURCE,"DPA catalogue ad: ""Ready to restock?"" past-purchaser copy",All Products set 1689686838523869,Ready to restock? Your skin loved it the first time. 💚  Discover more from Pastry Skincare — science-backed body care made for melanin-rich skin. Your routine j,SHOP_NOW,paid metrics (ad level) only; video NOT WATCHED,NOT ACCESSIBLE (no Instagram professional account exposed to connector),ads_get_creatives; captured 2026-09-06 10:26-10:45 UTC
1635050247942247,SHARE,NOT IN SOURCE,116534118031737_909120932111337,18109564912759297,NOT VERIFIED (instagram.com/facebook.com blocked by egress policy; IG account not exposed to connector),NOT IN SOURCE (only ad/creative creation dates available),NOT IN SOURCE,NOT IN SOURCE (caption only),NOT VERIFIED,,LEARN_MORE,paid metrics (ad level) only; video NOT WATCHED,NOT ACCESSIBLE (no Instagram professional account exposed to connector),ads_get_creatives; captured 2026-09-06 10:26-10:45 UTC
1649439496393735,VIDEO,1074202545192821,116534118031737_1053775994312496,17946071493057906,NOT VERIFIED (instagram.com/facebook.com blocked by egress policy; IG account not exposed to connector),NOT IN SOURCE (only ad/creative creation dates available),NOT IN SOURCE,NOT IN SOURCE (caption only),NOT VERIFIED,Explore a three-step Pastry Skincare body-care routine for the bikini line. Shop online at pastryskincare.co.za. DHL Express international delivery is available,SHOP_NOW,paid metrics (ad level) only; video NOT WATCHED,NOT ACCESSIBLE (no Instagram professional account exposed to connector),ads_get_creatives; captured 2026-09-06 10:26-10:45 UTC
1661405598251187,VIDEO,983231577847209,116534118031737_983231577847209,18585152830028876,NOT VERIFIED (instagram.com/facebook.com blocked by egress policy; IG account not exposed to connector),NOT IN SOURCE (only ad/creative creation dates available),NOT IN SOURCE,A trip for stretch marks (June repost),Stretch marks routine,"A trip for stretch marks, whether you’re pregnant, postpartum or simply looking to improve the appearance of stretch marks. This routine keeps it simple and con",SHOP_NOW,paid metrics (ad level) only; video NOT WATCHED,NOT ACCESSIBLE (no Instagram professional account exposed to connector),ads_get_creatives; captured 2026-09-06 10:26-10:45 UTC
1672356397190835,VIDEO,3444115785767368,116534118031737_3444115785767368,17951195124249902,NOT VERIFIED (instagram.com/facebook.com blocked by egress policy; IG account not exposed to connector),NOT IN SOURCE (only ad/creative creation dates available),NOT IN SOURCE,Five years evergreen: is it lotion or cake?,Range,"Five years of Pastry Skincare — and still keeping you guessing. Is it lotion or cake? Watch the reveal, then shop the Pastry range.",SHOP_NOW,paid metrics (ad level) only; video NOT WATCHED,NOT ACCESSIBLE (no Instagram professional account exposed to connector),ads_get_creatives; captured 2026-09-06 10:26-10:45 UTC
1673149103765536,VIDEO,1024884870346149,116534118031737_1034008289622600,17894570910595157,NOT VERIFIED (instagram.com/facebook.com blocked by egress policy; IG account not exposed to connector),NOT IN SOURCE (only ad/creative creation dates available),NOT IN SOURCE,POV: choosing a routine for body acne (three body washes),Lactic / Salicylic / Glycolic Acid Body Wash,Your body acne skin solution 🧴  Shop on www.pastryskincare.co.za and @beautyontapp ✨  #fyp #skincare #pastryskincare #bodyacne,SHOP_NOW,paid metrics (ad level) + static preview frame,NOT ACCESSIBLE (no Instagram professional account exposed to connector),ads_get_creatives; captured 2026-09-06 10:26-10:45 UTC
1738342593737521,VIDEO,1616827743571675,116534118031737_1034008822955880,17901773928549544,NOT VERIFIED (instagram.com/facebook.com blocked by egress policy; IG account not exposed to connector),NOT IN SOURCE (only ad/creative creation dates available),NOT IN SOURCE,Top five best sellers,Range,Here are our top 5 best sellers and why these products fly off of our shelves 💫  Shop online or in store @beautyontapp 🛍️  #pastryskincare #bodycare #fyp #skinc,SHOP_NOW,paid metrics (ad level) only; video NOT WATCHED,NOT ACCESSIBLE (no Instagram professional account exposed to connector),ads_get_creatives; captured 2026-09-06 10:26-10:45 UTC
1754580525794575,VIDEO,1211001868769387,116534118031737_1034008696289226,17954894079204205,NOT VERIFIED (instagram.com/facebook.com blocked by egress policy; IG account not exposed to connector),NOT IN SOURCE (only ad/creative creation dates available),NOT IN SOURCE,Underarm routine,Anti Pigmentation Deodorant + washes,"Smooth, bright underarms start with the right routine ✨ From cleansing and exfoliating to protecting your skin after shaving, consistency is key for soft, even-",SHOP_NOW,paid metrics (ad level) only; video NOT WATCHED,NOT ACCESSIBLE (no Instagram professional account exposed to connector),ads_get_creatives; captured 2026-09-06 10:26-10:45 UTC
1759622798395052,VIDEO,1593719419079376,116534118031737_1053775384312557,17942244288301078,NOT VERIFIED (instagram.com/facebook.com blocked by egress policy; IG account not exposed to connector),NOT IN SOURCE (only ad/creative creation dates available),NOT IN SOURCE,NOT IN SOURCE (caption only),NOT VERIFIED,See how Pastry Skincare body-care products can be layered in a consistent routine. Shop online at pastryskincare.co.za. DHL Express international delivery is av,SHOP_NOW,paid metrics (ad level) only; video NOT WATCHED,NOT ACCESSIBLE (no Instagram professional account exposed to connector),ads_get_creatives; captured 2026-09-06 10:26-10:45 UTC
1760670345281405,VIDEO,1040029292069207,116534118031737_1034008546289241,18101142794223347,NOT VERIFIED (instagram.com/facebook.com blocked by egress policy; IG account not exposed to connector),NOT IN SOURCE (only ad/creative creation dates available),NOT IN SOURCE,"""Wasting money using serums on your body"" (BHA Overnight Body Balm)",BHA Overnight Body Balm 200ml,"Using facial serums on your body? That’s a hard no, dolls and gents ❌ Your body needs products formulated specifically for its thicker skin.  Instead, try the O",SHOP_NOW,paid metrics (ad level) + static preview frame,NOT ACCESSIBLE (no Instagram professional account exposed to connector),ads_get_creatives; captured 2026-09-06 10:26-10:45 UTC
1764652124674355,VIDEO,2221698178653211,116534118031737_1034013002955462,18182829139405350,NOT VERIFIED (instagram.com/facebook.com blocked by egress policy; IG account not exposed to connector),NOT IN SOURCE (only ad/creative creation dates available),NOT IN SOURCE,NOT IN SOURCE (caption only),NOT VERIFIED,"An underrated glow essential ✨This Niacinamide Body Mist hydrates, refreshes and helps even out skin tone while keeping skin glowing all day on your face and bo",SHOP_NOW,paid metrics (ad level) only; video NOT WATCHED,NOT ACCESSIBLE (no Instagram professional account exposed to connector),ads_get_creatives; captured 2026-09-06 10:26-10:45 UTC
1771671714201619,VIDEO,1338501304936209,116534118031737_1338501304936209,18152857339474502,NOT VERIFIED (instagram.com/facebook.com blocked by egress policy; IG account not exposed to connector),NOT IN SOURCE (only ad/creative creation dates available),NOT IN SOURCE,We are turning 5: Pastry Premium teaser (boost),Pastry Premium,We are turning 5 this year and we want introduce something new… Pastry Premium ✨we’ve been cooking something super special for you  dolls and gents 🤗 Launching ,VIEW_INSTAGRAM_PROFILE,paid metrics (ad level) only; video NOT WATCHED,NOT ACCESSIBLE (no Instagram professional account exposed to connector),ads_get_creatives; captured 2026-09-06 10:26-10:45 UTC
1785081939314835,VIDEO,4644644882439368,116534118031737_1034012729622156,17883648963676850,NOT VERIFIED (instagram.com/facebook.com blocked by egress policy; IG account not exposed to connector),NOT IN SOURCE (only ad/creative creation dates available),NOT IN SOURCE,NOT IN SOURCE (caption only),NOT VERIFIED,"POV: Your Sunday reset, but make it about brightening ✨ A gentle routine that focuses on improving the look of hyperpigmentation over time — with consistency. S",SHOP_NOW,paid metrics (ad level) only; video NOT WATCHED,NOT ACCESSIBLE (no Instagram professional account exposed to connector),ads_get_creatives; captured 2026-09-06 10:26-10:45 UTC
1823463661680081,SHARE,NOT IN SOURCE,116534118031737_909120925444671,18092985185039002,NOT VERIFIED (instagram.com/facebook.com blocked by egress policy; IG account not exposed to connector),NOT IN SOURCE (only ad/creative creation dates available),NOT IN SOURCE,NOT IN SOURCE (caption only),NOT VERIFIED,,LEARN_MORE,paid metrics (ad level) only; video NOT WATCHED,NOT ACCESSIBLE (no Instagram professional account exposed to connector),ads_get_creatives; captured 2026-09-06 10:26-10:45 UTC
1947244519285771,VIDEO,2900580376962228,116534118031737_1034009956289100,18401451904091886,NOT VERIFIED (instagram.com/facebook.com blocked by egress policy; IG account not exposed to connector),NOT IN SOURCE (only ad/creative creation dates available),NOT IN SOURCE,NOT IN SOURCE (caption only),NOT VERIFIED,Body hyperpigmentation gworls - come to the front 💚 Here’s a Pastry Skincare kit worth your money 🤭 Shop our minis on www.pastryskincare.co.za and @beautyontapp,SHOP_NOW,paid metrics (ad level) only; video NOT WATCHED,NOT ACCESSIBLE (no Instagram professional account exposed to connector),ads_get_creatives; captured 2026-09-06 10:26-10:45 UTC
2000824997974370,VIDEO,1393923599331521,116534118031737_1033977399625689,18109345202471107,NOT VERIFIED (instagram.com/facebook.com blocked by egress policy; IG account not exposed to connector),NOT IN SOURCE (only ad/creative creation dates available),NOT IN SOURCE,Hand creams by need,Hand creams,Get to know our actives powered hand creams and when. You should be using each Pastry Skincare handcream ✨  Shop online or instore @beautyontapp 🛍️  #pastryskin,SHOP_NOW,paid metrics (ad level) only; video NOT WATCHED,NOT ACCESSIBLE (no Instagram professional account exposed to connector),ads_get_creatives; captured 2026-09-06 10:26-10:45 UTC
2029084745161865,VIDEO,1718159162937839,116534118031737_1718159162937839,18086327558629012,NOT VERIFIED (instagram.com/facebook.com blocked by egress policy; IG account not exposed to connector),NOT IN SOURCE (only ad/creative creation dates available),NOT IN SOURCE,Festive duo kits gift ad,Duo kits,The perfect gift for yourself or a loved one 😍  Our limited edition festive duo kits have been carefully curated to cater to your skin and to make shopping Past,SEE_DETAILS,paid metrics (ad level) only; video NOT WATCHED,NOT ACCESSIBLE (no Instagram professional account exposed to connector),ads_get_creatives; captured 2026-09-06 10:26-10:45 UTC
2029900707640980,VIDEO,1593896072410117,116534118031737_1053776467645782,18387364795161272,NOT VERIFIED (instagram.com/facebook.com blocked by egress policy; IG account not exposed to connector),NOT IN SOURCE (only ad/creative creation dates available),NOT IN SOURCE,NOT IN SOURCE (caption only),NOT VERIFIED,Add lightweight Niacinamide and Hyaluronic Acid hydration to a face-and-body routine. Shop online at pastryskincare.co.za. DHL Express international delivery is,SHOP_NOW,paid metrics (ad level) only; video NOT WATCHED,NOT ACCESSIBLE (no Instagram professional account exposed to connector),ads_get_creatives; captured 2026-09-06 10:26-10:45 UTC
2050311515844483,VIDEO,1794498635041481,116534118031737_1033971016292994,18099052280209045,NOT VERIFIED (instagram.com/facebook.com blocked by egress policy; IG account not exposed to connector),NOT IN SOURCE (only ad/creative creation dates available),NOT IN SOURCE,Salicylic Acid + Vitamin C (canary test copy of original),Salicylic Acid Body Wash + Vitamin C Body Cream,"Salicylic Acid + Vitamin C = your go-to duo for clearer, brighter skin ✨🍊  This powerful combination helps exfoliate, unclog pores, and visibly fade blemishes a",SHOP_NOW,paid metrics (ad level) only; video NOT WATCHED,NOT ACCESSIBLE (no Instagram professional account exposed to connector),ads_get_creatives; captured 2026-09-06 10:26-10:45 UTC
2054183895530318,VIDEO,1721080102247841,116534118031737_1721080102247841,18327470974255215,NOT VERIFIED (instagram.com/facebook.com blocked by egress policy; IG account not exposed to connector),NOT IN SOURCE (only ad/creative creation dates available),NOT IN SOURCE,Anti-Pigment Hand Cream SPF30 testimonial (post variant),Anti-Pigment Hand Cream SPF30 75ml,"She said it best ✨ Lightweight, nourishing, packed with Niacinamide + SPF 30 protection and a lovely fragrance 🖐🏽 Our Anti-Pigment Hand Cream is a must-have.  #",VIEW_INSTAGRAM_PROFILE,paid metrics (ad level) only; video NOT WATCHED,NOT ACCESSIBLE (no Instagram professional account exposed to connector),ads_get_creatives; captured 2026-09-06 10:26-10:45 UTC
2101839031212801,VIDEO,1028459383291355,116534118031737_1033977799625649,18480202000108225,NOT VERIFIED (instagram.com/facebook.com blocked by egress policy; IG account not exposed to connector),NOT IN SOURCE (only ad/creative creation dates available),NOT IN SOURCE,Keratosis pilaris / rough bump routine,Salicylic + Niacinamide,"Consistency is key! Smoother, brighter skin starts with the right routine.✨🧴  🛍️Shop the Pastry Skincare Keratosis Pilaris routine online at www.pastryskincare.",SHOP_NOW,paid metrics (ad level) only; video NOT WATCHED,NOT ACCESSIBLE (no Instagram professional account exposed to connector),ads_get_creatives; captured 2026-09-06 10:26-10:45 UTC
2128451841880866,VIDEO,4002241086579018,116534118031737_1053775440979218,18093283556539150,NOT VERIFIED (instagram.com/facebook.com blocked by egress policy; IG account not exposed to connector),NOT IN SOURCE (only ad/creative creation dates available),NOT IN SOURCE,NOT IN SOURCE (caption only),NOT VERIFIED,"Explore a targeted Pastry Skincare routine for rough, bumpy-looking body texture. Shop online at pastryskincare.co.za. DHL Express international delivery is ava",SHOP_NOW,paid metrics (ad level) only; video NOT WATCHED,NOT ACCESSIBLE (no Instagram professional account exposed to connector),ads_get_creatives; captured 2026-09-06 10:26-10:45 UTC
2137843480105917,VIDEO,1279828150741897,116534118031737_1033977216292374,18117519449506692,NOT VERIFIED (instagram.com/facebook.com blocked by egress policy; IG account not exposed to connector),NOT IN SOURCE (only ad/creative creation dates available),NOT IN SOURCE,Stretch-mark routine (original test post),Stretch marks routine,"A trip for stretch marks, whether you’re pregnant, postpartum or simply looking to improve the appearance of stretch marks. This routine keeps it simple and con",SHOP_NOW,paid metrics (ad level) only; video NOT WATCHED,NOT ACCESSIBLE (no Instagram professional account exposed to connector),ads_get_creatives; captured 2026-09-06 10:26-10:45 UTC
2141198163103531,VIDEO,1716832676218332,116534118031737_1716832676218332,18089893955557030,NOT VERIFIED (instagram.com/facebook.com blocked by egress policy; IG account not exposed to connector),NOT IN SOURCE (only ad/creative creation dates available),NOT IN SOURCE,"Salicylic Acid + Vitamin C ""EXACT"" recut (burn-mark before/after)",Salicylic Acid Body Wash + Vitamin C Body Cream,Salicylic Acid + Vitamin C — a body-care duo for exfoliating and brightening. Shop the Salicylic Acid Body Wash and Vitamin C Body Cream together from this page,SHOP_NOW,paid metrics (ad level) + static preview frame,NOT ACCESSIBLE (no Instagram professional account exposed to connector),ads_get_creatives; captured 2026-09-06 10:26-10:45 UTC
2276491979765953,VIDEO,2925957237759333,116534118031737_1034011742955588,17904472326308106,NOT VERIFIED (instagram.com/facebook.com blocked by egress policy; IG account not exposed to connector),NOT IN SOURCE (only ad/creative creation dates available),NOT IN SOURCE,NOT IN SOURCE (caption only),NOT VERIFIED,The hands speak for themselves 🤌🏾💚 Here’s how to maintain youthful and even toned hands using Pastry Skincare products 💚 Shop these products on www.pastryskinca,SHOP_NOW,paid metrics (ad level) only; video NOT WATCHED,NOT ACCESSIBLE (no Instagram professional account exposed to connector),ads_get_creatives; captured 2026-09-06 10:26-10:45 UTC
2310973609402332,SHARE,NOT IN SOURCE,116534118031737_909121355444628,18114435070781788,NOT VERIFIED (instagram.com/facebook.com blocked by egress policy; IG account not exposed to connector),NOT IN SOURCE (only ad/creative creation dates available),NOT IN SOURCE,"DPA catalogue ad: ""Still thinking about it? Complete your order"" abandoner copy",All Products set 1689686838523869,Still thinking about it? Your skin deserves the care you almost gave it. 💚  Complete your order and start your glow-up with Pastry Skincare — body care made for,SHOP_NOW,paid metrics (ad level) only; video NOT WATCHED,NOT ACCESSIBLE (no Instagram professional account exposed to connector),ads_get_creatives; captured 2026-09-06 10:26-10:45 UTC
2412338129276655,VIDEO,2092639671599573,116534118031737_2092639671599573,17929594761095845,NOT VERIFIED (instagram.com/facebook.com blocked by egress policy; IG account not exposed to connector),NOT IN SOURCE (only ad/creative creation dates available),NOT IN SOURCE,Premium Body Wash landed in store @beautyontapp first impressions,Mandelic Acid Body Wash (Pastry Premium),The Pastry Premium Body Wash  has officially landed in store @beautyontapp ✨ so we had to go instore and get some first impressions. From the Blackcurrant cordi,SHOP_NOW,paid metrics (ad level) only; video NOT WATCHED,NOT ACCESSIBLE (no Instagram professional account exposed to connector),ads_get_creatives; captured 2026-09-06 10:26-10:45 UTC
2504456496703261,VIDEO,1765130831287915,116534118031737_1034007792955983,18168673036456579,NOT VERIFIED (instagram.com/facebook.com blocked by egress policy; IG account not exposed to connector),NOT IN SOURCE (only ad/creative creation dates available),NOT IN SOURCE,Dark inner thighs: three combos,Combos (NOT IN SOURCE which SKUs),"Dark inner thighs? These 3 Pastry Skincare combos can help brighten, smooth, and even out the area. ✨Consistency is key when treating dark areas, and these comb",SHOP_NOW,paid metrics (ad level) only; video NOT WATCHED,NOT ACCESSIBLE (no Instagram professional account exposed to connector),ads_get_creatives; captured 2026-09-06 10:26-10:45 UTC
2542175119584393,VIDEO,1798106507850856,116534118031737_1034010299622399,18335920453251541,NOT VERIFIED (instagram.com/facebook.com blocked by egress policy; IG account not exposed to connector),NOT IN SOURCE (only ad/creative creation dates available),NOT IN SOURCE,3-step dry-brushing routine (original test post),Hyperpigmentation collection,"A simple 3-step dry brushing routine to support smoother, more even-looking skin.💚  Shop these products at www.pastryskincare.co.za or visit us at Beauty on TAp",SHOP_NOW,paid metrics (ad level) only; video NOT WATCHED,NOT ACCESSIBLE (no Instagram professional account exposed to connector),ads_get_creatives; captured 2026-09-06 10:26-10:45 UTC
26206822805650383,SHARE,NOT IN SOURCE,116534118031737_909121348777962,18110751434162734,NOT VERIFIED (instagram.com/facebook.com blocked by egress policy; IG account not exposed to connector),NOT IN SOURCE (only ad/creative creation dates available),NOT IN SOURCE,"DPA catalogue ad: ""You were looking at something good"" viewer copy",All Products set 1689686838523869,You were looking at something good. Your skin knows what it wants. 💚  Come back and explore Pastry Skincare — science-backed body care made for melanin-rich ski,SHOP_NOW,paid metrics (ad level) only; video NOT WATCHED,NOT ACCESSIBLE (no Instagram professional account exposed to connector),ads_get_creatives; captured 2026-09-06 10:26-10:45 UTC
2622955271467210,VIDEO,1805359010599170,116534118031737_1053775537645875,18052883933565498,NOT VERIFIED (instagram.com/facebook.com blocked by egress policy; IG account not exposed to connector),NOT IN SOURCE (only ad/creative creation dates available),NOT IN SOURCE,NOT IN SOURCE (caption only),NOT VERIFIED,Explore an evening add-on for a Pastry Skincare body-care routine. Shop online at pastryskincare.co.za. DHL Express international delivery is available. Deliver,SHOP_NOW,paid metrics (ad level) only; video NOT WATCHED,NOT ACCESSIBLE (no Instagram professional account exposed to connector),ads_get_creatives; captured 2026-09-06 10:26-10:45 UTC
27134465589563159,VIDEO,1911320126512802,116534118031737_1053776544312441,18024217043691661,NOT VERIFIED (instagram.com/facebook.com blocked by egress policy; IG account not exposed to connector),NOT IN SOURCE (only ad/creative creation dates available),NOT IN SOURCE,NOT IN SOURCE (caption only),NOT VERIFIED,Explore the Pastry Skincare routine featured in this customer story. Shop online at pastryskincare.co.za. DHL Express international delivery is available. Deliv,SHOP_NOW,paid metrics (ad level) only; video NOT WATCHED,NOT ACCESSIBLE (no Instagram professional account exposed to connector),ads_get_creatives; captured 2026-09-06 10:26-10:45 UTC
28412527811717756,VIDEO,1065523956033626,116534118031737_1034011866288909,18328649092285943,NOT VERIFIED (instagram.com/facebook.com blocked by egress policy; IG account not exposed to connector),NOT IN SOURCE (only ad/creative creation dates available),NOT IN SOURCE,Dark underarm ingredients combo (Anti Pigmentation Deodorant),Anti Pigmentation Deodorant 50ml,A power ingredient combo that works overtime to help brighten dark underarms 😍   Shop our range and lots more on our website or at any @beautyontapp store 🛒🩷 #s,SHOP_NOW,paid metrics (ad level) + static preview frame,NOT ACCESSIBLE (no Instagram professional account exposed to connector),ads_get_creatives; captured 2026-09-06 10:26-10:45 UTC
2851210671894413,VIDEO,1370974308307015,116534118031737_1034013132955449,18111725939083523,NOT VERIFIED (instagram.com/facebook.com blocked by egress policy; IG account not exposed to connector),NOT IN SOURCE (only ad/creative creation dates available),NOT IN SOURCE,Customer results 2 weeks apart (before/after),Range,"Nothing makes us happier than seeing your real results! This customer stayed consistent with her Pastry Skincare routine, and just 2 weeks apart you can already",SHOP_NOW,paid metrics (ad level) only; video NOT WATCHED,NOT ACCESSIBLE (no Instagram professional account exposed to connector),ads_get_creatives; captured 2026-09-06 10:26-10:45 UTC
28740252398891731,VIDEO,1390143549233068,116534118031737_1053775477645881,18103775783599432,NOT VERIFIED (instagram.com/facebook.com blocked by egress policy; IG account not exposed to connector),NOT IN SOURCE (only ad/creative creation dates available),NOT IN SOURCE,NOT IN SOURCE (caption only),NOT VERIFIED,Build a nourishing hand-care routine with Pastry Skincare Hyaluronic Acid Hand Cream. Shop online at pastryskincare.co.za. DHL Express international delivery is,SHOP_NOW,paid metrics (ad level) only; video NOT WATCHED,NOT ACCESSIBLE (no Instagram professional account exposed to connector),ads_get_creatives; captured 2026-09-06 10:26-10:45 UTC
3368191686688839,VIDEO,862925869415455,116534118031737_862925869415455,18097443343970863,NOT VERIFIED (instagram.com/facebook.com blocked by egress policy; IG account not exposed to connector),NOT IN SOURCE (only ad/creative creation dates available),NOT IN SOURCE,NOT IN SOURCE (caption only),NOT VERIFIED,If you have stubborn hyperpigmentation here are tips on how to optimise your Pastry Skincare products to get these results faster 🫧💚  Shop these products on www,SHOP_NOW,paid metrics (ad level) only; video NOT WATCHED,NOT ACCESSIBLE (no Instagram professional account exposed to connector),ads_get_creatives; captured 2026-09-06 10:26-10:45 UTC
3510751079075102,VIDEO,1641367773745950,116534118031737_1641367773745950,18115459114826723,NOT VERIFIED (instagram.com/facebook.com blocked by egress policy; IG account not exposed to connector),NOT IN SOURCE (only ad/creative creation dates available),NOT IN SOURCE,Pregnant and new mamas: Brightening Body Oil / tissue oil,Brightening Body Oil,"Pregnant and new mamas, come to the front 💚  The Pastry Skincare Brightening Oil with Vitamin C isn’t just a brightening oil — its primary function is as a Vita",SHOP_NOW,paid metrics (ad level) only; video NOT WATCHED,NOT ACCESSIBLE (no Instagram professional account exposed to connector),ads_get_creatives; captured 2026-09-06 10:26-10:45 UTC
36594101976905126,VIDEO,1520450669559823,116534118031737_1520450669559823,NOT IN SOURCE,NOT VERIFIED (instagram.com/facebook.com blocked by egress policy; IG account not exposed to connector),NOT IN SOURCE (only ad/creative creation dates available),NOT IN SOURCE,NOT IN SOURCE (caption only),NOT VERIFIED,,NOT IN SOURCE,paid metrics (ad level) only; video NOT WATCHED,NOT ACCESSIBLE (no Instagram professional account exposed to connector),ads_get_creatives; captured 2026-09-06 10:26-10:45 UTC
4535558553351159,VIDEO,1083181767593032,116534118031737_1053775764312519,18128696389679709,NOT VERIFIED (instagram.com/facebook.com blocked by egress policy; IG account not exposed to connector),NOT IN SOURCE (only ad/creative creation dates available),NOT IN SOURCE,NOT IN SOURCE (caption only),NOT VERIFIED,Explore Pastry Skincare hand-care options for a more even-looking routine. Shop online at pastryskincare.co.za. DHL Express international delivery is available.,SHOP_NOW,paid metrics (ad level) only; video NOT WATCHED,NOT ACCESSIBLE (no Instagram professional account exposed to connector),ads_get_creatives; captured 2026-09-06 10:26-10:45 UTC
4657722504552164,VIDEO,2289193138563707,116534118031737_1053775640979198,18115394272764116,NOT VERIFIED (instagram.com/facebook.com blocked by egress policy; IG account not exposed to connector),NOT IN SOURCE (only ad/creative creation dates available),NOT IN SOURCE,NOT IN SOURCE (caption only),NOT VERIFIED,Explore a three-step dry-brushing and body-care routine from Pastry Skincare. Shop online at pastryskincare.co.za. DHL Express international delivery is availab,SHOP_NOW,paid metrics (ad level) only; video NOT WATCHED,NOT ACCESSIBLE (no Instagram professional account exposed to connector),ads_get_creatives; captured 2026-09-06 10:26-10:45 UTC
4793039344293517,VIDEO,3132860496923753,116534118031737_1053775900979172,17914465656446696,NOT VERIFIED (instagram.com/facebook.com blocked by egress policy; IG account not exposed to connector),NOT IN SOURCE (only ad/creative creation dates available),NOT IN SOURCE,NOT IN SOURCE (caption only),NOT VERIFIED,Explore Pastry Skincare underarm-care products and ingredients. Shop online at pastryskincare.co.za. DHL Express international delivery is available. Delivery f,SHOP_NOW,paid metrics (ad level) only; video NOT WATCHED,NOT ACCESSIBLE (no Instagram professional account exposed to connector),ads_get_creatives; captured 2026-09-06 10:26-10:45 UTC
760239677131862,SHARE,NOT IN SOURCE,116534118031737_909120932111337,18106524350510957,NOT VERIFIED (instagram.com/facebook.com blocked by egress policy; IG account not exposed to connector),NOT IN SOURCE (only ad/creative creation dates available),NOT IN SOURCE,NOT IN SOURCE (caption only),NOT VERIFIED,,LEARN_MORE,paid metrics (ad level) only; video NOT WATCHED,NOT ACCESSIBLE (no Instagram professional account exposed to connector),ads_get_creatives; captured 2026-09-06 10:26-10:45 UTC
795955873574185,VIDEO,947375435055153,116534118031737_1034008172955945,17948706084037527,NOT VERIFIED (instagram.com/facebook.com blocked by egress policy; IG account not exposed to connector),NOT IN SOURCE (only ad/creative creation dates available),NOT IN SOURCE,Choose a body wash by concern,Body washes,Not all body washes are doing the exact same thing ✨from breakouts to rough texture to pigmentation we’ve got the right body wash for your concern ✨  🛒Shop your,SHOP_NOW,paid metrics (ad level) only; video NOT WATCHED,NOT ACCESSIBLE (no Instagram professional account exposed to connector),ads_get_creatives; captured 2026-09-06 10:26-10:45 UTC
897164369855291,VIDEO,2016963935621701,116534118031737_1053776290979133,18350022016172587,NOT VERIFIED (instagram.com/facebook.com blocked by egress policy; IG account not exposed to connector),NOT IN SOURCE (only ad/creative creation dates available),NOT IN SOURCE,NOT IN SOURCE (caption only),NOT VERIFIED,Build an everyday hand-care routine with Pastry Skincare. Shop online at pastryskincare.co.za. DHL Express international delivery is available. Delivery fees ar,SHOP_NOW,paid metrics (ad level) only; video NOT WATCHED,NOT ACCESSIBLE (no Instagram professional account exposed to connector),ads_get_creatives; captured 2026-09-06 10:26-10:45 UTC
916650614844230,VIDEO,1381662176760033,116534118031737_1053775587645870,17983114709878629,NOT VERIFIED (instagram.com/facebook.com blocked by egress policy; IG account not exposed to connector),NOT IN SOURCE (only ad/creative creation dates available),NOT IN SOURCE,NOT IN SOURCE (caption only),NOT VERIFIED,Start with a compact Pastry Skincare mini-kit routine. Shop online at pastryskincare.co.za. DHL Express international delivery is available. Delivery fees are c,SHOP_NOW,paid metrics (ad level) only; video NOT WATCHED,NOT ACCESSIBLE (no Instagram professional account exposed to connector),ads_get_creatives; captured 2026-09-06 10:26-10:45 UTC
938383165957937,VIDEO,1048111064642800,116534118031737_1034012529622176,17910359835262891,NOT VERIFIED (instagram.com/facebook.com blocked by egress policy; IG account not exposed to connector),NOT IN SOURCE (only ad/creative creation dates available),NOT IN SOURCE,NOT IN SOURCE (caption only),NOT VERIFIED,"If you’re only caring for your face, you’re missing a step! Healthy-looking hands start with the right routine.  🛍️ Shop your Pastry Skincare favourites at www.",SHOP_NOW,paid metrics (ad level) only; video NOT WATCHED,NOT ACCESSIBLE (no Instagram professional account exposed to connector),ads_get_creatives; captured 2026-09-06 10:26-10:45 UTC
947326541716183,VIDEO,2215771099210119,116534118031737_1034009726289123,18213390817354295,NOT VERIFIED (instagram.com/facebook.com blocked by egress policy; IG account not exposed to connector),NOT IN SOURCE (only ad/creative creation dates available),NOT IN SOURCE,NOT IN SOURCE (caption only),NOT VERIFIED,If you’re already using the Pastry pigmentation combo and smoothing combo for hyperpigmentation and textured skin but want faster results… Here’s what to add to,SHOP_NOW,paid metrics (ad level) only; video NOT WATCHED,NOT ACCESSIBLE (no Instagram professional account exposed to connector),ads_get_creatives; captured 2026-09-06 10:26-10:45 UTC
996050220134487,VIDEO,1664964501661670,116534118031737_1664964501661670,18072218867407431,NOT VERIFIED (instagram.com/facebook.com blocked by egress policy; IG account not exposed to connector),NOT IN SOURCE (only ad/creative creation dates available),NOT IN SOURCE,Premium Mandelic Acid Body Wash first impressions (exact product),Mandelic Acid Body Wash,See first impressions of Pastry Premium Mandelic Acid Body Wash. Choose Blackcurrant Cordial or Fragrance Free and shop the exact product below.,SHOP_NOW,paid metrics (ad level) only; video NOT WATCHED,NOT ACCESSIBLE (no Instagram professional account exposed to connector),ads_get_creatives; captured 2026-09-06 10:26-10:45 UTC
