date,orders,net_sales_zar,source
2026-06-08,25,18371.25,"Shopify run-analytics-query FROM sales SHOW orders,net_sales TIMESERIES day SINCE 2026-06-08 UNTIL 2026-09-05; captured 2026-09-06 10:55 UTC"
2026-06-09,23,19843.25,"Shopify run-analytics-query FROM sales SHOW orders,net_sales TIMESERIES day SINCE 2026-06-08 UNTIL 2026-09-05; captured 2026-09-06 10:55 UTC"
2026-06-10,21,17454.75,"Shopify run-analytics-query FROM sales SHOW orders,net_sales TIMESERIES day SINCE 2026-06-08 UNTIL 2026-09-05; captured 2026-09-06 10:55 UTC"
2026-06-11,20,16564.5,"Shopify run-analytics-query FROM sales SHOW orders,net_sales TIMESERIES day SINCE 2026-06-08 UNTIL 2026-09-05; captured 2026-09-06 10:55 UTC"
2026-06-12,16,14200.5,"Shopify run-analytics-query FROM sales SHOW orders,net_sales TIMESERIES day SINCE 2026-06-08 UNTIL 2026-09-05; captured 2026-09-06 10:55 UTC"
2026-06-13,17,16002.0,"Shopify run-analytics-query FROM sales SHOW orders,net_sales TIMESERIES day SINCE 2026-06-08 UNTIL 2026-09-05; captured 2026-09-06 10:55 UTC"
2026-06-14,14,12486.75,"Shopify run-analytics-query FROM sales SHOW orders,net_sales TIMESERIES day SINCE 2026-06-08 UNTIL 2026-09-05; captured 2026-09-06 10:55 UTC"
2026-06-15,35,29059.0,"Shopify run-analytics-query FROM sales SHOW orders,net_sales TIMESERIES day SINCE 2026-06-08 UNTIL 2026-09-05; captured 2026-09-06 10:55 UTC"
2026-06-16,39,36265.0,"Shopify run-analytics-query FROM sales SHOW orders,net_sales TIMESERIES day SINCE 2026-06-08 UNTIL 2026-09-05; captured 2026-09-06 10:55 UTC"
2026-06-17,19,16917.5,"Shopify run-analytics-query FROM sales SHOW orders,net_sales TIMESERIES day SINCE 2026-06-08 UNTIL 2026-09-05; captured 2026-09-06 10:55 UTC"
2026-06-18,29,21897.25,"Shopify run-analytics-query FROM sales SHOW orders,net_sales TIMESERIES day SINCE 2026-06-08 UNTIL 2026-09-05; captured 2026-09-06 10:55 UTC"
2026-06-19,26,18278.5,"Shopify run-analytics-query FROM sales SHOW orders,net_sales TIMESERIES day SINCE 2026-06-08 UNTIL 2026-09-05; captured 2026-09-06 10:55 UTC"
2026-06-20,20,11802.0,"Shopify run-analytics-query FROM sales SHOW orders,net_sales TIMESERIES day SINCE 2026-06-08 UNTIL 2026-09-05; captured 2026-09-06 10:55 UTC"
2026-06-21,22,17446.75,"Shopify run-analytics-query FROM sales SHOW orders,net_sales TIMESERIES day SINCE 2026-06-08 UNTIL 2026-09-05; captured 2026-09-06 10:55 UTC"
2026-06-22,29,22769.0,"Shopify run-analytics-query FROM sales SHOW orders,net_sales TIMESERIES day SINCE 2026-06-08 UNTIL 2026-09-05; captured 2026-09-06 10:55 UTC"
2026-06-23,16,11994.75,"Shopify run-analytics-query FROM sales SHOW orders,net_sales TIMESERIES day SINCE 2026-06-08 UNTIL 2026-09-05; captured 2026-09-06 10:55 UTC"
2026-06-24,34,31198.75,"Shopify run-analytics-query FROM sales SHOW orders,net_sales TIMESERIES day SINCE 2026-06-08 UNTIL 2026-09-05; captured 2026-09-06 10:55 UTC"
2026-06-25,71,58240.25,"Shopify run-analytics-query FROM sales SHOW orders,net_sales TIMESERIES day SINCE 2026-06-08 UNTIL 2026-09-05; captured 2026-09-06 10:55 UTC"
2026-06-26,492,437633.0,"Shopify run-analytics-query FROM sales SHOW orders,net_sales TIMESERIES day SINCE 2026-06-08 UNTIL 2026-09-05; captured 2026-09-06 10:55 UTC"
2026-06-27,60,36809.5,"Shopify run-analytics-query FROM sales SHOW orders,net_sales TIMESERIES day SINCE 2026-06-08 UNTIL 2026-09-05; captured 2026-09-06 10:55 UTC"
2026-06-28,5,2287.0,"Shopify run-analytics-query FROM sales SHOW orders,net_sales TIMESERIES day SINCE 2026-06-08 UNTIL 2026-09-05; captured 2026-09-06 10:55 UTC"
2026-06-29,69,61739.75,"Shopify run-analytics-query FROM sales SHOW orders,net_sales TIMESERIES day SINCE 2026-06-08 UNTIL 2026-09-05; captured 2026-09-06 10:55 UTC"
2026-06-30,62,52669.25,"Shopify run-analytics-query FROM sales SHOW orders,net_sales TIMESERIES day SINCE 2026-06-08 UNTIL 2026-09-05; captured 2026-09-06 10:55 UTC"
2026-07-01,54,41041.0,"Shopify run-analytics-query FROM sales SHOW orders,net_sales TIMESERIES day SINCE 2026-06-08 UNTIL 2026-09-05; captured 2026-09-06 10:55 UTC"
2026-07-02,39,37094.75,"Shopify run-analytics-query FROM sales SHOW orders,net_sales TIMESERIES day SINCE 2026-06-08 UNTIL 2026-09-05; captured 2026-09-06 10:55 UTC"
2026-07-03,23,18282.5,"Shopify run-analytics-query FROM sales SHOW orders,net_sales TIMESERIES day SINCE 2026-06-08 UNTIL 2026-09-05; captured 2026-09-06 10:55 UTC"
2026-07-04,19,15798.5,"Shopify run-analytics-query FROM sales SHOW orders,net_sales TIMESERIES day SINCE 2026-06-08 UNTIL 2026-09-05; captured 2026-09-06 10:55 UTC"
2026-07-05,26,25915.75,"Shopify run-analytics-query FROM sales SHOW orders,net_sales TIMESERIES day SINCE 2026-06-08 UNTIL 2026-09-05; captured 2026-09-06 10:55 UTC"
2026-07-06,31,26964.25,"Shopify run-analytics-query FROM sales SHOW orders,net_sales TIMESERIES day SINCE 2026-06-08 UNTIL 2026-09-05; captured 2026-09-06 10:55 UTC"
2026-07-07,31,25777.25,"Shopify run-analytics-query FROM sales SHOW orders,net_sales TIMESERIES day SINCE 2026-06-08 UNTIL 2026-09-05; captured 2026-09-06 10:55 UTC"
2026-07-08,31,24119.5,"Shopify run-analytics-query FROM sales SHOW orders,net_sales TIMESERIES day SINCE 2026-06-08 UNTIL 2026-09-05; captured 2026-09-06 10:55 UTC"
2026-07-09,28,23524.0,"Shopify run-analytics-query FROM sales SHOW orders,net_sales TIMESERIES day SINCE 2026-06-08 UNTIL 2026-09-05; captured 2026-09-06 10:55 UTC"
2026-07-10,31,23451.0,"Shopify run-analytics-query FROM sales SHOW orders,net_sales TIMESERIES day SINCE 2026-06-08 UNTIL 2026-09-05; captured 2026-09-06 10:55 UTC"
2026-07-11,21,13341.0,"Shopify run-analytics-query FROM sales SHOW orders,net_sales TIMESERIES day SINCE 2026-06-08 UNTIL 2026-09-05; captured 2026-09-06 10:55 UTC"
2026-07-12,22,15974.5,"Shopify run-analytics-query FROM sales SHOW orders,net_sales TIMESERIES day SINCE 2026-06-08 UNTIL 2026-09-05; captured 2026-09-06 10:55 UTC"
2026-07-13,20,13913.0,"Shopify run-analytics-query FROM sales SHOW orders,net_sales TIMESERIES day SINCE 2026-06-08 UNTIL 2026-09-05; captured 2026-09-06 10:55 UTC"
2026-07-14,23,18795.5,"Shopify run-analytics-query FROM sales SHOW orders,net_sales TIMESERIES day SINCE 2026-06-08 UNTIL 2026-09-05; captured 2026-09-06 10:55 UTC"
2026-07-15,31,27007.75,"Shopify run-analytics-query FROM sales SHOW orders,net_sales TIMESERIES day SINCE 2026-06-08 UNTIL 2026-09-05; captured 2026-09-06 10:55 UTC"
2026-07-16,21,16509.25,"Shopify run-analytics-query FROM sales SHOW orders,net_sales TIMESERIES day SINCE 2026-06-08 UNTIL 2026-09-05; captured 2026-09-06 10:55 UTC"
2026-07-17,34,33581.25,"Shopify run-analytics-query FROM sales SHOW orders,net_sales TIMESERIES day SINCE 2026-06-08 UNTIL 2026-09-05; captured 2026-09-06 10:55 UTC"
2026-07-18,36,34496.25,"Shopify run-analytics-query FROM sales SHOW orders,net_sales TIMESERIES day SINCE 2026-06-08 UNTIL 2026-09-05; captured 2026-09-06 10:55 UTC"
2026-07-19,40,32359.0,"Shopify run-analytics-query FROM sales SHOW orders,net_sales TIMESERIES day SINCE 2026-06-08 UNTIL 2026-09-05; captured 2026-09-06 10:55 UTC"
2026-07-20,42,31895.25,"Shopify run-analytics-query FROM sales SHOW orders,net_sales TIMESERIES day SINCE 2026-06-08 UNTIL 2026-09-05; captured 2026-09-06 10:55 UTC"
2026-07-21,36,30664.25,"Shopify run-analytics-query FROM sales SHOW orders,net_sales TIMESERIES day SINCE 2026-06-08 UNTIL 2026-09-05; captured 2026-09-06 10:55 UTC"
2026-07-22,28,22194.25,"Shopify run-analytics-query FROM sales SHOW orders,net_sales TIMESERIES day SINCE 2026-06-08 UNTIL 2026-09-05; captured 2026-09-06 10:55 UTC"
2026-07-23,36,30340.0,"Shopify run-analytics-query FROM sales SHOW orders,net_sales TIMESERIES day SINCE 2026-06-08 UNTIL 2026-09-05; captured 2026-09-06 10:55 UTC"
2026-07-24,52,41268.25,"Shopify run-analytics-query FROM sales SHOW orders,net_sales TIMESERIES day SINCE 2026-06-08 UNTIL 2026-09-05; captured 2026-09-06 10:55 UTC"
2026-07-25,34,23995.5,"Shopify run-analytics-query FROM sales SHOW orders,net_sales TIMESERIES day SINCE 2026-06-08 UNTIL 2026-09-05; captured 2026-09-06 10:55 UTC"
2026-07-26,49,44720.25,"Shopify run-analytics-query FROM sales SHOW orders,net_sales TIMESERIES day SINCE 2026-06-08 UNTIL 2026-09-05; captured 2026-09-06 10:55 UTC"
2026-07-27,56,49045.75,"Shopify run-analytics-query FROM sales SHOW orders,net_sales TIMESERIES day SINCE 2026-06-08 UNTIL 2026-09-05; captured 2026-09-06 10:55 UTC"
2026-07-28,61,47346.0,"Shopify run-analytics-query FROM sales SHOW orders,net_sales TIMESERIES day SINCE 2026-06-08 UNTIL 2026-09-05; captured 2026-09-06 10:55 UTC"
2026-07-29,45,35931.25,"Shopify run-analytics-query FROM sales SHOW orders,net_sales TIMESERIES day SINCE 2026-06-08 UNTIL 2026-09-05; captured 2026-09-06 10:55 UTC"
2026-07-30,39,36460.25,"Shopify run-analytics-query FROM sales SHOW orders,net_sales TIMESERIES day SINCE 2026-06-08 UNTIL 2026-09-05; captured 2026-09-06 10:55 UTC"
2026-07-31,39,33049.0,"Shopify run-analytics-query FROM sales SHOW orders,net_sales TIMESERIES day SINCE 2026-06-08 UNTIL 2026-09-05; captured 2026-09-06 10:55 UTC"
2026-08-01,39,30558.75,"Shopify run-analytics-query FROM sales SHOW orders,net_sales TIMESERIES day SINCE 2026-06-08 UNTIL 2026-09-05; captured 2026-09-06 10:55 UTC"
2026-08-02,47,34979.0,"Shopify run-analytics-query FROM sales SHOW orders,net_sales TIMESERIES day SINCE 2026-06-08 UNTIL 2026-09-05; captured 2026-09-06 10:55 UTC"
2026-08-03,60,46733.0,"Shopify run-analytics-query FROM sales SHOW orders,net_sales TIMESERIES day SINCE 2026-06-08 UNTIL 2026-09-05; captured 2026-09-06 10:55 UTC"
2026-08-04,41,32363.5,"Shopify run-analytics-query FROM sales SHOW orders,net_sales TIMESERIES day SINCE 2026-06-08 UNTIL 2026-09-05; captured 2026-09-06 10:55 UTC"
2026-08-05,43,34771.25,"Shopify run-analytics-query FROM sales SHOW orders,net_sales TIMESERIES day SINCE 2026-06-08 UNTIL 2026-09-05; captured 2026-09-06 10:55 UTC"
2026-08-06,38,27026.25,"Shopify run-analytics-query FROM sales SHOW orders,net_sales TIMESERIES day SINCE 2026-06-08 UNTIL 2026-09-05; captured 2026-09-06 10:55 UTC"
2026-08-07,30,24098.25,"Shopify run-analytics-query FROM sales SHOW orders,net_sales TIMESERIES day SINCE 2026-06-08 UNTIL 2026-09-05; captured 2026-09-06 10:55 UTC"
2026-08-08,24,24609.75,"Shopify run-analytics-query FROM sales SHOW orders,net_sales TIMESERIES day SINCE 2026-06-08 UNTIL 2026-09-05; captured 2026-09-06 10:55 UTC"
2026-08-09,22,18582.0,"Shopify run-analytics-query FROM sales SHOW orders,net_sales TIMESERIES day SINCE 2026-06-08 UNTIL 2026-09-05; captured 2026-09-06 10:55 UTC"
2026-08-10,25,17273.25,"Shopify run-analytics-query FROM sales SHOW orders,net_sales TIMESERIES day SINCE 2026-06-08 UNTIL 2026-09-05; captured 2026-09-06 10:55 UTC"
2026-08-11,21,16804.75,"Shopify run-analytics-query FROM sales SHOW orders,net_sales TIMESERIES day SINCE 2026-06-08 UNTIL 2026-09-05; captured 2026-09-06 10:55 UTC"
2026-08-12,26,21693.25,"Shopify run-analytics-query FROM sales SHOW orders,net_sales TIMESERIES day SINCE 2026-06-08 UNTIL 2026-09-05; captured 2026-09-06 10:55 UTC"
2026-08-13,25,18680.5,"Shopify run-analytics-query FROM sales SHOW orders,net_sales TIMESERIES day SINCE 2026-06-08 UNTIL 2026-09-05; captured 2026-09-06 10:55 UTC"
2026-08-14,35,24567.25,"Shopify run-analytics-query FROM sales SHOW orders,net_sales TIMESERIES day SINCE 2026-06-08 UNTIL 2026-09-05; captured 2026-09-06 10:55 UTC"
2026-08-15,38,39926.0,"Shopify run-analytics-query FROM sales SHOW orders,net_sales TIMESERIES day SINCE 2026-06-08 UNTIL 2026-09-05; captured 2026-09-06 10:55 UTC"
2026-08-16,43,30638.75,"Shopify run-analytics-query FROM sales SHOW orders,net_sales TIMESERIES day SINCE 2026-06-08 UNTIL 2026-09-05; captured 2026-09-06 10:55 UTC"
2026-08-17,37,25499.75,"Shopify run-analytics-query FROM sales SHOW orders,net_sales TIMESERIES day SINCE 2026-06-08 UNTIL 2026-09-05; captured 2026-09-06 10:55 UTC"
2026-08-18,33,28573.5,"Shopify run-analytics-query FROM sales SHOW orders,net_sales TIMESERIES day SINCE 2026-06-08 UNTIL 2026-09-05; captured 2026-09-06 10:55 UTC"
2026-08-19,21,20388.5,"Shopify run-analytics-query FROM sales SHOW orders,net_sales TIMESERIES day SINCE 2026-06-08 UNTIL 2026-09-05; captured 2026-09-06 10:55 UTC"
2026-08-20,44,35997.25,"Shopify run-analytics-query FROM sales SHOW orders,net_sales TIMESERIES day SINCE 2026-06-08 UNTIL 2026-09-05; captured 2026-09-06 10:55 UTC"
2026-08-21,33,27744.5,"Shopify run-analytics-query FROM sales SHOW orders,net_sales TIMESERIES day SINCE 2026-06-08 UNTIL 2026-09-05; captured 2026-09-06 10:55 UTC"
2026-08-22,26,19225.0,"Shopify run-analytics-query FROM sales SHOW orders,net_sales TIMESERIES day SINCE 2026-06-08 UNTIL 2026-09-05; captured 2026-09-06 10:55 UTC"
2026-08-23,22,18701.5,"Shopify run-analytics-query FROM sales SHOW orders,net_sales TIMESERIES day SINCE 2026-06-08 UNTIL 2026-09-05; captured 2026-09-06 10:55 UTC"
2026-08-24,44,37711.75,"Shopify run-analytics-query FROM sales SHOW orders,net_sales TIMESERIES day SINCE 2026-06-08 UNTIL 2026-09-05; captured 2026-09-06 10:55 UTC"
2026-08-25,68,59473.25,"Shopify run-analytics-query FROM sales SHOW orders,net_sales TIMESERIES day SINCE 2026-06-08 UNTIL 2026-09-05; captured 2026-09-06 10:55 UTC"
2026-08-26,54,44428.75,"Shopify run-analytics-query FROM sales SHOW orders,net_sales TIMESERIES day SINCE 2026-06-08 UNTIL 2026-09-05; captured 2026-09-06 10:55 UTC"
2026-08-27,40,28455.25,"Shopify run-analytics-query FROM sales SHOW orders,net_sales TIMESERIES day SINCE 2026-06-08 UNTIL 2026-09-05; captured 2026-09-06 10:55 UTC"
2026-08-28,29,26157.25,"Shopify run-analytics-query FROM sales SHOW orders,net_sales TIMESERIES day SINCE 2026-06-08 UNTIL 2026-09-05; captured 2026-09-06 10:55 UTC"
2026-08-29,27,18991.0,"Shopify run-analytics-query FROM sales SHOW orders,net_sales TIMESERIES day SINCE 2026-06-08 UNTIL 2026-09-05; captured 2026-09-06 10:55 UTC"
2026-08-30,41,33891.75,"Shopify run-analytics-query FROM sales SHOW orders,net_sales TIMESERIES day SINCE 2026-06-08 UNTIL 2026-09-05; captured 2026-09-06 10:55 UTC"
2026-08-31,61,52351.25,"Shopify run-analytics-query FROM sales SHOW orders,net_sales TIMESERIES day SINCE 2026-06-08 UNTIL 2026-09-05; captured 2026-09-06 10:55 UTC"
2026-09-01,61,45405.25,"Shopify run-analytics-query FROM sales SHOW orders,net_sales TIMESERIES day SINCE 2026-06-08 UNTIL 2026-09-05; captured 2026-09-06 10:55 UTC"
2026-09-02,48,38583.0,"Shopify run-analytics-query FROM sales SHOW orders,net_sales TIMESERIES day SINCE 2026-06-08 UNTIL 2026-09-05; captured 2026-09-06 10:55 UTC"
2026-09-03,41,31203.75,"Shopify run-analytics-query FROM sales SHOW orders,net_sales TIMESERIES day SINCE 2026-06-08 UNTIL 2026-09-05; captured 2026-09-06 10:55 UTC"
2026-09-04,21,16250.25,"Shopify run-analytics-query FROM sales SHOW orders,net_sales TIMESERIES day SINCE 2026-06-08 UNTIL 2026-09-05; captured 2026-09-06 10:55 UTC"
2026-09-05,24,22310.5,"Shopify run-analytics-query FROM sales SHOW orders,net_sales TIMESERIES day SINCE 2026-06-08 UNTIL 2026-09-05; captured 2026-09-06 10:55 UTC"
